Command line invocation:
    /Applications/Xcode.app/Contents/Developer/usr/bin/xcodebuild archive -project Mishran.xcodeproj -scheme Mishran -destination generic/platform=iOS -archivePath build/Mishran-0.1.0-202608151420.xcarchive DEVELOPMENT_TEAM=2X7B7DMV95 "CODE_SIGN_IDENTITY=Apple Development" -allowProvisioningUpdates

Build settings from command line:
    CODE_SIGN_IDENTITY = Apple Development
    DEVELOPMENT_TEAM = 2X7B7DMV95

Resolve Package Graph


Resolved source packages:
  RazorpayCheckout: https://github.com/razorpay/razorpay-pod @ 1.5.7

note: Using codesigning identity override: Apple Development
ComputePackagePrebuildTargetDependencyGraph

Prepare packages

CreateBuildRequest

SendProjectDescription

CreateBuildOperation

ComputeTargetDependencyGraph
note: Building targets in dependency order
note: Target dependency graph (4 targets)
    Target 'Mishran' in project 'Mishran'
        ➜ Explicit dependency on target 'MishranWidgets' in project 'Mishran'
        ➜ Explicit dependency on target 'RazorpayCheckout' in project 'RazorpayCheckout'
    Target 'RazorpayCheckout' in project 'RazorpayCheckout'
        ➜ Explicit dependency on target 'RazorpayCheckout' in project 'RazorpayCheckout'
    Target 'RazorpayCheckout' in project 'RazorpayCheckout' (no dependencies)
    Target 'MishranWidgets' in project 'Mishran' (no dependencies)

GatherProvisioningInputs

CreateBuildDescription

ExecuteExternalTool /Applications/Xcode.app/Contents/Developer/Toolchains/XcodeDefault.xctoolchain/usr/bin/swiftc --version

ExecuteExternalTool /Applications/Xcode.app/Contents/Developer/Toolchains/XcodeDefault.xctoolchain/usr/bin/clang -v -E -dM -isysroot /Applications/Xcode.app/Contents/Developer/Platforms/iPhoneOS.platform/Developer/SDKs/iPhoneOS26.5.sdk -x c -c /dev/null

ExecuteExternalTool /Applications/Xcode.app/Contents/Developer/usr/bin/actool --print-asset-tag-combinations --output-format xml1 /Users/ravibyakod/WORK/mithai-shop/mithai-shop/apps/ios/Mishran/Assets.xcassets

ExecuteExternalTool /Applications/Xcode.app/Contents/Developer/Toolchains/XcodeDefault.xctoolchain/usr/bin/ld -version_details

ExecuteExternalTool /Applications/Xcode.app/Contents/Developer/usr/bin/actool --version --output-format xml1

Build description signature: 7995fad1c638d8580d1c3e23e8eedff8
Build description path: /Users/ravibyakod/Library/Developer/Xcode/DerivedData/Mishran-cpewykydwvjliqfdmdgxjcfypvkn/Build/Intermediates.noindex/ArchiveIntermediates/Mishran/IntermediateBuildFilesPath/XCBuildData/7995fad1c638d8580d1c3e23e8eedff8.xcbuilddata
CreateBuildDirectory /Users/ravibyakod/Library/Developer/Xcode/DerivedData/Mishran-cpewykydwvjliqfdmdgxjcfypvkn/Build/Intermediates.noindex/ArchiveIntermediates/Mishran/InstallationBuildProductsLocation
    cd /Users/ravibyakod/WORK/mithai-shop/mithai-shop/apps/ios/Mishran.xcodeproj
    builtin-create-build-directory /Users/ravibyakod/Library/Developer/Xcode/DerivedData/Mishran-cpewykydwvjliqfdmdgxjcfypvkn/Build/Intermediates.noindex/ArchiveIntermediates/Mishran/InstallationBuildProductsLocation

CreateBuildDirectory /Users/ravibyakod/Library/Developer/Xcode/DerivedData/Mishran-cpewykydwvjliqfdmdgxjcfypvkn/Build/Intermediates.noindex/ArchiveIntermediates/Mishran/BuildProductsPath
    cd /Users/ravibyakod/WORK/mithai-shop/mithai-shop/apps/ios/Mishran.xcodeproj
    builtin-create-build-directory /Users/ravibyakod/Library/Developer/Xcode/DerivedData/Mishran-cpewykydwvjliqfdmdgxjcfypvkn/Build/Intermediates.noindex/ArchiveIntermediates/Mishran/BuildProductsPath

CreateBuildDirectory /Users/ravibyakod/Library/Developer/Xcode/DerivedData/Mishran-cpewykydwvjliqfdmdgxjcfypvkn/Build/Intermediates.noindex/ArchiveIntermediates/Mishran/IntermediateBuildFilesPath
    cd /Users/ravibyakod/WORK/mithai-shop/mithai-shop/apps/ios/Mishran.xcodeproj
    builtin-create-build-directory /Users/ravibyakod/Library/Developer/Xcode/DerivedData/Mishran-cpewykydwvjliqfdmdgxjcfypvkn/Build/Intermediates.noindex/ArchiveIntermediates/Mishran/IntermediateBuildFilesPath

ClangStatCache /Applications/Xcode.app/Contents/Developer/Toolchains/XcodeDefault.xctoolchain/usr/bin/clang-stat-cache /Applications/Xcode.app/Contents/Developer/Platforms/iPhoneOS.platform/Developer/SDKs/iPhoneOS26.5.sdk /Users/ravibyakod/Library/Developer/Xcode/DerivedData/SDKStatCaches.noindex/iphoneos26.5-23F81a-32daed1954a7d5dd0789fcaf2a9bb78b.sdkstatcache
    cd /Users/ravibyakod/WORK/mithai-shop/mithai-shop/apps/ios/Mishran.xcodeproj
    /Applications/Xcode.app/Contents/Developer/Toolchains/XcodeDefault.xctoolchain/usr/bin/clang-stat-cache /Applications/Xcode.app/Contents/Developer/Platforms/iPhoneOS.platform/Developer/SDKs/iPhoneOS26.5.sdk -o /Users/ravibyakod/Library/Developer/Xcode/DerivedData/SDKStatCaches.noindex/iphoneos26.5-23F81a-32daed1954a7d5dd0789fcaf2a9bb78b.sdkstatcache
Base directory status changed. Regenerating...

SignatureCollection /Users/ravibyakod/Library/Developer/Xcode/DerivedData/Mishran-cpewykydwvjliqfdmdgxjcfypvkn/Build/Intermediates.noindex/ArchiveIntermediates/Mishran/BuildProductsPath/Release-iphoneos/Razorpay.xcframework-ios.signature
    cd /Users/ravibyakod/WORK/mithai-shop/mithai-shop/apps/ios/Mishran.xcodeproj
    builtin-collectSignature --input /Users/ravibyakod/Library/Developer/Xcode/DerivedData/Mishran-cpewykydwvjliqfdmdgxjcfypvkn/SourcePackages/checkouts/razorpay-pod/Pod/core/Razorpay.xcframework --output /Users/ravibyakod/Library/Developer/Xcode/DerivedData/Mishran-cpewykydwvjliqfdmdgxjcfypvkn/Build/Intermediates.noindex/ArchiveIntermediates/Mishran/BuildProductsPath/Release-iphoneos/Razorpay.xcframework-ios.signature --info platform ios --info library Razorpay.framework

SignatureCollection /Users/ravibyakod/Library/Developer/Xcode/DerivedData/Mishran-cpewykydwvjliqfdmdgxjcfypvkn/Build/Intermediates.noindex/ArchiveIntermediates/Mishran/BuildProductsPath/Release-iphoneos/RazorpayCore.xcframework-ios.signature
    cd /Users/ravibyakod/WORK/mithai-shop/mithai-shop/apps/ios/Mishran.xcodeproj
    builtin-collectSignature --input /Users/ravibyakod/Library/Developer/Xcode/DerivedData/Mishran-cpewykydwvjliqfdmdgxjcfypvkn/SourcePackages/checkouts/razorpay-pod/Pod/core/RazorpayCore.xcframework --output /Users/ravibyakod/Library/Developer/Xcode/DerivedData/Mishran-cpewykydwvjliqfdmdgxjcfypvkn/Build/Intermediates.noindex/ArchiveIntermediates/Mishran/BuildProductsPath/Release-iphoneos/RazorpayCore.xcframework-ios.signature --info platform ios --info library RazorpayCore.framework

SignatureCollection /Users/ravibyakod/Library/Developer/Xcode/DerivedData/Mishran-cpewykydwvjliqfdmdgxjcfypvkn/Build/Intermediates.noindex/ArchiveIntermediates/Mishran/BuildProductsPath/Release-iphoneos/RazorpayStandard.xcframework-ios.signature
    cd /Users/ravibyakod/WORK/mithai-shop/mithai-shop/apps/ios/Mishran.xcodeproj
    builtin-collectSignature --input /Users/ravibyakod/Library/Developer/Xcode/DerivedData/Mishran-cpewykydwvjliqfdmdgxjcfypvkn/SourcePackages/artifacts/razorpay-pod/RazorpayStandard/RazorpayStandard.xcframework --output /Users/ravibyakod/Library/Developer/Xcode/DerivedData/Mishran-cpewykydwvjliqfdmdgxjcfypvkn/Build/Intermediates.noindex/ArchiveIntermediates/Mishran/BuildProductsPath/Release-iphoneos/RazorpayStandard.xcframework-ios.signature --info platform ios --info library RazorpayStandard.framework

CreateBuildDirectory /Users/ravibyakod/Library/Developer/Xcode/DerivedData/Mishran-cpewykydwvjliqfdmdgxjcfypvkn/Build/Intermediates.noindex/ArchiveIntermediates/Mishran/IntermediateBuildFilesPath/SwiftExplicitPrecompiledModules
    cd /Users/ravibyakod/WORK/mithai-shop/mithai-shop/apps/ios/Mishran.xcodeproj
    builtin-create-build-directory /Users/ravibyakod/Library/Developer/Xcode/DerivedData/Mishran-cpewykydwvjliqfdmdgxjcfypvkn/Build/Intermediates.noindex/ArchiveIntermediates/Mishran/IntermediateBuildFilesPath/SwiftExplicitPrecompiledModules

CreateBuildDirectory /Users/ravibyakod/Library/Developer/Xcode/DerivedData/Mishran-cpewykydwvjliqfdmdgxjcfypvkn/Build/Intermediates.noindex/ArchiveIntermediates/Mishran/IntermediateBuildFilesPath/ExplicitPrecompiledModules
    cd /Users/ravibyakod/WORK/mithai-shop/mithai-shop/apps/ios/Mishran.xcodeproj
    builtin-create-build-directory /Users/ravibyakod/Library/Developer/Xcode/DerivedData/Mishran-cpewykydwvjliqfdmdgxjcfypvkn/Build/Intermediates.noindex/ArchiveIntermediates/Mishran/IntermediateBuildFilesPath/ExplicitPrecompiledModules

CreateBuildDirectory /Users/ravibyakod/Library/Developer/Xcode/DerivedData/Mishran-cpewykydwvjliqfdmdgxjcfypvkn/Build/Intermediates.noindex/ArchiveIntermediates/Mishran/IntermediateBuildFilesPath/EagerLinkingTBDs/Release-iphoneos
    cd /Users/ravibyakod/WORK/mithai-shop/mithai-shop/apps/ios/Mishran.xcodeproj
    builtin-create-build-directory /Users/ravibyakod/Library/Developer/Xcode/DerivedData/Mishran-cpewykydwvjliqfdmdgxjcfypvkn/Build/Intermediates.noindex/ArchiveIntermediates/Mishran/IntermediateBuildFilesPath/EagerLinkingTBDs/Release-iphoneos

WriteAuxiliaryFile /Users/ravibyakod/Library/Developer/Xcode/DerivedData/Mishran-cpewykydwvjliqfdmdgxjcfypvkn/Build/Intermediates.noindex/ArchiveIntermediates/Mishran/IntermediateBuildFilesPath/Mishran.build/Release-iphoneos/Mishran-d5faa9f63ed182102bbc449ae56a9586-VFS-iphoneos/all-product-headers.yaml
    cd /Users/ravibyakod/WORK/mithai-shop/mithai-shop/apps/ios/Mishran.xcodeproj
    write-file /Users/ravibyakod/Library/Developer/Xcode/DerivedData/Mishran-cpewykydwvjliqfdmdgxjcfypvkn/Build/Intermediates.noindex/ArchiveIntermediates/Mishran/IntermediateBuildFilesPath/Mishran.build/Release-iphoneos/Mishran-d5faa9f63ed182102bbc449ae56a9586-VFS-iphoneos/all-product-headers.yaml

CreateBuildDirectory /Users/ravibyakod/Library/Developer/Xcode/DerivedData/Mishran-cpewykydwvjliqfdmdgxjcfypvkn/Build/Intermediates.noindex/ArchiveIntermediates/Mishran/BuildProductsPath/Release-iphoneos
    cd /Users/ravibyakod/WORK/mithai-shop/mithai-shop/apps/ios/Mishran.xcodeproj
    builtin-create-build-directory /Users/ravibyakod/Library/Developer/Xcode/DerivedData/Mishran-cpewykydwvjliqfdmdgxjcfypvkn/Build/Intermediates.noindex/ArchiveIntermediates/Mishran/BuildProductsPath/Release-iphoneos

CreateBuildDirectory /Users/ravibyakod/Library/Developer/Xcode/DerivedData/Mishran-cpewykydwvjliqfdmdgxjcfypvkn/Build/Intermediates.noindex/ArchiveIntermediates/Mishran/BuildProductsPath/Release-iphoneos/PackageFrameworks
    cd /Users/ravibyakod/WORK/mithai-shop/mithai-shop/apps/ios/Mishran.xcodeproj
    builtin-create-build-directory /Users/ravibyakod/Library/Developer/Xcode/DerivedData/Mishran-cpewykydwvjliqfdmdgxjcfypvkn/Build/Intermediates.noindex/ArchiveIntermediates/Mishran/BuildProductsPath/Release-iphoneos/PackageFrameworks

SymLink /Users/ravibyakod/Library/Developer/Xcode/DerivedData/Mishran-cpewykydwvjliqfdmdgxjcfypvkn/Build/Intermediates.noindex/ArchiveIntermediates/Mishran/BuildProductsPath/Release-iphoneos/MishranWidgets.appex ../../IntermediateBuildFilesPath/UninstalledProducts/iphoneos/MishranWidgets.appex (in target 'MishranWidgets' from project 'Mishran')
    cd /Users/ravibyakod/WORK/mithai-shop/mithai-shop/apps/ios
    /bin/ln -sfh ../../IntermediateBuildFilesPath/UninstalledProducts/iphoneos/MishranWidgets.appex /Users/ravibyakod/Library/Developer/Xcode/DerivedData/Mishran-cpewykydwvjliqfdmdgxjcfypvkn/Build/Intermediates.noindex/ArchiveIntermediates/Mishran/BuildProductsPath/Release-iphoneos/MishranWidgets.appex

WriteAuxiliaryFile /Users/ravibyakod/Library/Developer/Xcode/DerivedData/Mishran-cpewykydwvjliqfdmdgxjcfypvkn/Build/Intermediates.noindex/ArchiveIntermediates/Mishran/IntermediateBuildFilesPath/Mishran.build/Release-iphoneos/MishranWidgets.build/MishranWidgets.hmap (in target 'MishranWidgets' from project 'Mishran')
    cd /Users/ravibyakod/WORK/mithai-shop/mithai-shop/apps/ios
    write-file /Users/ravibyakod/Library/Developer/Xcode/DerivedData/Mishran-cpewykydwvjliqfdmdgxjcfypvkn/Build/Intermediates.noindex/ArchiveIntermediates/Mishran/IntermediateBuildFilesPath/Mishran.build/Release-iphoneos/MishranWidgets.build/MishranWidgets.hmap

WriteAuxiliaryFile /Users/ravibyakod/Library/Developer/Xcode/DerivedData/Mishran-cpewykydwvjliqfdmdgxjcfypvkn/Build/Intermediates.noindex/ArchiveIntermediates/Mishran/IntermediateBuildFilesPath/Mishran.build/Release-iphoneos/MishranWidgets.build/MishranWidgets-all-target-headers.hmap (in target 'MishranWidgets' from project 'Mishran')
    cd /Users/ravibyakod/WORK/mithai-shop/mithai-shop/apps/ios
    write-file /Users/ravibyakod/Library/Developer/Xcode/DerivedData/Mishran-cpewykydwvjliqfdmdgxjcfypvkn/Build/Intermediates.noindex/ArchiveIntermediates/Mishran/IntermediateBuildFilesPath/Mishran.build/Release-iphoneos/MishranWidgets.build/MishranWidgets-all-target-headers.hmap

WriteAuxiliaryFile /Users/ravibyakod/Library/Developer/Xcode/DerivedData/Mishran-cpewykydwvjliqfdmdgxjcfypvkn/Build/Intermediates.noindex/ArchiveIntermediates/Mishran/IntermediateBuildFilesPath/Mishran.build/Release-iphoneos/MishranWidgets.build/DerivedSources/Entitlements.plist (in target 'MishranWidgets' from project 'Mishran')
    cd /Users/ravibyakod/WORK/mithai-shop/mithai-shop/apps/ios
    write-file /Users/ravibyakod/Library/Developer/Xcode/DerivedData/Mishran-cpewykydwvjliqfdmdgxjcfypvkn/Build/Intermediates.noindex/ArchiveIntermediates/Mishran/IntermediateBuildFilesPath/Mishran.build/Release-iphoneos/MishranWidgets.build/DerivedSources/Entitlements.plist

WriteAuxiliaryFile /Users/ravibyakod/Library/Developer/Xcode/DerivedData/Mishran-cpewykydwvjliqfdmdgxjcfypvkn/Build/Intermediates.noindex/ArchiveIntermediates/Mishran/IntermediateBuildFilesPath/Mishran.build/Release-iphoneos/MishranWidgets.build/Objects-normal/arm64/MishranWidgets_const_extract_protocols.json (in target 'MishranWidgets' from project 'Mishran')
    cd /Users/ravibyakod/WORK/mithai-shop/mithai-shop/apps/ios
    write-file /Users/ravibyakod/Library/Developer/Xcode/DerivedData/Mishran-cpewykydwvjliqfdmdgxjcfypvkn/Build/Intermediates.noindex/ArchiveIntermediates/Mishran/IntermediateBuildFilesPath/Mishran.build/Release-iphoneos/MishranWidgets.build/Objects-normal/arm64/MishranWidgets_const_extract_protocols.json

WriteAuxiliaryFile /Users/ravibyakod/Library/Developer/Xcode/DerivedData/Mishran-cpewykydwvjliqfdmdgxjcfypvkn/Build/Intermediates.noindex/ArchiveIntermediates/Mishran/IntermediateBuildFilesPath/Mishran.build/Release-iphoneos/MishranWidgets.build/Objects-normal/arm64/MishranWidgets.SwiftFileList (in target 'MishranWidgets' from project 'Mishran')
    cd /Users/ravibyakod/WORK/mithai-shop/mithai-shop/apps/ios
    write-file /Users/ravibyakod/Library/Developer/Xcode/DerivedData/Mishran-cpewykydwvjliqfdmdgxjcfypvkn/Build/Intermediates.noindex/ArchiveIntermediates/Mishran/IntermediateBuildFilesPath/Mishran.build/Release-iphoneos/MishranWidgets.build/Objects-normal/arm64/MishranWidgets.SwiftFileList

WriteAuxiliaryFile /Users/ravibyakod/Library/Developer/Xcode/DerivedData/Mishran-cpewykydwvjliqfdmdgxjcfypvkn/Build/Intermediates.noindex/ArchiveIntermediates/Mishran/IntermediateBuildFilesPath/Mishran.build/Release-iphoneos/MishranWidgets.build/Objects-normal/arm64/MishranWidgets.SwiftConstValuesFileList (in target 'MishranWidgets' from project 'Mishran')
    cd /Users/ravibyakod/WORK/mithai-shop/mithai-shop/apps/ios
    write-file /Users/ravibyakod/Library/Developer/Xcode/DerivedData/Mishran-cpewykydwvjliqfdmdgxjcfypvkn/Build/Intermediates.noindex/ArchiveIntermediates/Mishran/IntermediateBuildFilesPath/Mishran.build/Release-iphoneos/MishranWidgets.build/Objects-normal/arm64/MishranWidgets.SwiftConstValuesFileList

WriteAuxiliaryFile /Users/ravibyakod/Library/Developer/Xcode/DerivedData/Mishran-cpewykydwvjliqfdmdgxjcfypvkn/Build/Intermediates.noindex/ArchiveIntermediates/Mishran/IntermediateBuildFilesPath/Mishran.build/Release-iphoneos/MishranWidgets.build/Objects-normal/arm64/MishranWidgets.LinkFileList (in target 'MishranWidgets' from project 'Mishran')
    cd /Users/ravibyakod/WORK/mithai-shop/mithai-shop/apps/ios
    write-file /Users/ravibyakod/Library/Developer/Xcode/DerivedData/Mishran-cpewykydwvjliqfdmdgxjcfypvkn/Build/Intermediates.noindex/ArchiveIntermediates/Mishran/IntermediateBuildFilesPath/Mishran.build/Release-iphoneos/MishranWidgets.build/Objects-normal/arm64/MishranWidgets.LinkFileList

WriteAuxiliaryFile /Users/ravibyakod/Library/Developer/Xcode/DerivedData/Mishran-cpewykydwvjliqfdmdgxjcfypvkn/Build/Intermediates.noindex/ArchiveIntermediates/Mishran/IntermediateBuildFilesPath/Mishran.build/Release-iphoneos/MishranWidgets.build/Objects-normal/arm64/MishranWidgets-OutputFileMap.json (in target 'MishranWidgets' from project 'Mishran')
    cd /Users/ravibyakod/WORK/mithai-shop/mithai-shop/apps/ios
    write-file /Users/ravibyakod/Library/Developer/Xcode/DerivedData/Mishran-cpewykydwvjliqfdmdgxjcfypvkn/Build/Intermediates.noindex/ArchiveIntermediates/Mishran/IntermediateBuildFilesPath/Mishran.build/Release-iphoneos/MishranWidgets.build/Objects-normal/arm64/MishranWidgets-OutputFileMap.json

WriteAuxiliaryFile /Users/ravibyakod/Library/Developer/Xcode/DerivedData/Mishran-cpewykydwvjliqfdmdgxjcfypvkn/Build/Intermediates.noindex/ArchiveIntermediates/Mishran/IntermediateBuildFilesPath/Mishran.build/Release-iphoneos/MishranWidgets.build/MishranWidgets.DependencyStaticMetadataFileList (in target 'MishranWidgets' from project 'Mishran')
    cd /Users/ravibyakod/WORK/mithai-shop/mithai-shop/apps/ios
    write-file /Users/ravibyakod/Library/Developer/Xcode/DerivedData/Mishran-cpewykydwvjliqfdmdgxjcfypvkn/Build/Intermediates.noindex/ArchiveIntermediates/Mishran/IntermediateBuildFilesPath/Mishran.build/Release-iphoneos/MishranWidgets.build/MishranWidgets.DependencyStaticMetadataFileList

WriteAuxiliaryFile /Users/ravibyakod/Library/Developer/Xcode/DerivedData/Mishran-cpewykydwvjliqfdmdgxjcfypvkn/Build/Intermediates.noindex/ArchiveIntermediates/Mishran/IntermediateBuildFilesPath/Mishran.build/Release-iphoneos/MishranWidgets.build/MishranWidgets.DependencyMetadataFileList (in target 'MishranWidgets' from project 'Mishran')
    cd /Users/ravibyakod/WORK/mithai-shop/mithai-shop/apps/ios
    write-file /Users/ravibyakod/Library/Developer/Xcode/DerivedData/Mishran-cpewykydwvjliqfdmdgxjcfypvkn/Build/Intermediates.noindex/ArchiveIntermediates/Mishran/IntermediateBuildFilesPath/Mishran.build/Release-iphoneos/MishranWidgets.build/MishranWidgets.DependencyMetadataFileList

WriteAuxiliaryFile /Users/ravibyakod/Library/Developer/Xcode/DerivedData/Mishran-cpewykydwvjliqfdmdgxjcfypvkn/Build/Intermediates.noindex/ArchiveIntermediates/Mishran/IntermediateBuildFilesPath/Mishran.build/Release-iphoneos/MishranWidgets.build/MishranWidgets-project-headers.hmap (in target 'MishranWidgets' from project 'Mishran')
    cd /Users/ravibyakod/WORK/mithai-shop/mithai-shop/apps/ios
    write-file /Users/ravibyakod/Library/Developer/Xcode/DerivedData/Mishran-cpewykydwvjliqfdmdgxjcfypvkn/Build/Intermediates.noindex/ArchiveIntermediates/Mishran/IntermediateBuildFilesPath/Mishran.build/Release-iphoneos/MishranWidgets.build/MishranWidgets-project-headers.hmap

WriteAuxiliaryFile /Users/ravibyakod/Library/Developer/Xcode/DerivedData/Mishran-cpewykydwvjliqfdmdgxjcfypvkn/Build/Intermediates.noindex/ArchiveIntermediates/Mishran/IntermediateBuildFilesPath/Mishran.build/Release-iphoneos/MishranWidgets.build/MishranWidgets-own-target-headers.hmap (in target 'MishranWidgets' from project 'Mishran')
    cd /Users/ravibyakod/WORK/mithai-shop/mithai-shop/apps/ios
    write-file /Users/ravibyakod/Library/Developer/Xcode/DerivedData/Mishran-cpewykydwvjliqfdmdgxjcfypvkn/Build/Intermediates.noindex/ArchiveIntermediates/Mishran/IntermediateBuildFilesPath/Mishran.build/Release-iphoneos/MishranWidgets.build/MishranWidgets-own-target-headers.hmap

WriteAuxiliaryFile /Users/ravibyakod/Library/Developer/Xcode/DerivedData/Mishran-cpewykydwvjliqfdmdgxjcfypvkn/Build/Intermediates.noindex/ArchiveIntermediates/Mishran/IntermediateBuildFilesPath/Mishran.build/Release-iphoneos/MishranWidgets.build/MishranWidgets-generated-files.hmap (in target 'MishranWidgets' from project 'Mishran')
    cd /Users/ravibyakod/WORK/mithai-shop/mithai-shop/apps/ios
    write-file /Users/ravibyakod/Library/Developer/Xcode/DerivedData/Mishran-cpewykydwvjliqfdmdgxjcfypvkn/Build/Intermediates.noindex/ArchiveIntermediates/Mishran/IntermediateBuildFilesPath/Mishran.build/Release-iphoneos/MishranWidgets.build/MishranWidgets-generated-files.hmap

WriteAuxiliaryFile /Users/ravibyakod/Library/Developer/Xcode/DerivedData/Mishran-cpewykydwvjliqfdmdgxjcfypvkn/Build/Intermediates.noindex/ArchiveIntermediates/Mishran/IntermediateBuildFilesPath/Mishran.build/Release-iphoneos/MishranWidgets.build/MishranWidgets-all-non-framework-target-headers.hmap (in target 'MishranWidgets' from project 'Mishran')
    cd /Users/ravibyakod/WORK/mithai-shop/mithai-shop/apps/ios
    write-file /Users/ravibyakod/Library/Developer/Xcode/DerivedData/Mishran-cpewykydwvjliqfdmdgxjcfypvkn/Build/Intermediates.noindex/ArchiveIntermediates/Mishran/IntermediateBuildFilesPath/Mishran.build/Release-iphoneos/MishranWidgets.build/MishranWidgets-all-non-framework-target-headers.hmap

MkDir /Users/ravibyakod/Library/Developer/Xcode/DerivedData/Mishran-cpewykydwvjliqfdmdgxjcfypvkn/Build/Intermediates.noindex/ArchiveIntermediates/Mishran/IntermediateBuildFilesPath/UninstalledProducts/iphoneos/MishranWidgets.appex (in target 'MishranWidgets' from project 'Mishran')
    cd /Users/ravibyakod/WORK/mithai-shop/mithai-shop/apps/ios
    /bin/mkdir -p /Users/ravibyakod/Library/Developer/Xcode/DerivedData/Mishran-cpewykydwvjliqfdmdgxjcfypvkn/Build/Intermediates.noindex/ArchiveIntermediates/Mishran/IntermediateBuildFilesPath/UninstalledProducts/iphoneos/MishranWidgets.appex

ProcessProductPackaging /Users/ravibyakod/Library/Developer/Xcode/UserData/Provisioning\ Profiles/44f07341-bacc-431f-8a06-fc008808b91a.mobileprovision /Users/ravibyakod/Library/Developer/Xcode/DerivedData/Mishran-cpewykydwvjliqfdmdgxjcfypvkn/Build/Intermediates.noindex/ArchiveIntermediates/Mishran/IntermediateBuildFilesPath/UninstalledProducts/iphoneos/MishranWidgets.appex/embedded.mobileprovision (in target 'MishranWidgets' from project 'Mishran')
    cd /Users/ravibyakod/WORK/mithai-shop/mithai-shop/apps/ios
    builtin-productPackagingUtility /Users/ravibyakod/Library/Developer/Xcode/UserData/Provisioning\ Profiles/44f07341-bacc-431f-8a06-fc008808b91a.mobileprovision -o /Users/ravibyakod/Library/Developer/Xcode/DerivedData/Mishran-cpewykydwvjliqfdmdgxjcfypvkn/Build/Intermediates.noindex/ArchiveIntermediates/Mishran/IntermediateBuildFilesPath/UninstalledProducts/iphoneos/MishranWidgets.appex/embedded.mobileprovision

ProcessProductPackaging "" /Users/ravibyakod/Library/Developer/Xcode/DerivedData/Mishran-cpewykydwvjliqfdmdgxjcfypvkn/Build/Intermediates.noindex/ArchiveIntermediates/Mishran/IntermediateBuildFilesPath/Mishran.build/Release-iphoneos/MishranWidgets.build/MishranWidgets.appex.xcent (in target 'MishranWidgets' from project 'Mishran')
    cd /Users/ravibyakod/WORK/mithai-shop/mithai-shop/apps/ios
    
    Entitlements:
    
    {
    "application-identifier" = "2X7B7DMV95.com.mishran.app.widgets";
    "com.apple.developer.team-identifier" = 2X7B7DMV95;
    "get-task-allow" = 1;
}
    
    builtin-productPackagingUtility -entitlements -format xml -o /Users/ravibyakod/Library/Developer/Xcode/DerivedData/Mishran-cpewykydwvjliqfdmdgxjcfypvkn/Build/Intermediates.noindex/ArchiveIntermediates/Mishran/IntermediateBuildFilesPath/Mishran.build/Release-iphoneos/MishranWidgets.build/MishranWidgets.appex.xcent

ProcessProductPackagingDER /Users/ravibyakod/Library/Developer/Xcode/DerivedData/Mishran-cpewykydwvjliqfdmdgxjcfypvkn/Build/Intermediates.noindex/ArchiveIntermediates/Mishran/IntermediateBuildFilesPath/Mishran.build/Release-iphoneos/MishranWidgets.build/MishranWidgets.appex.xcent /Users/ravibyakod/Library/Developer/Xcode/DerivedData/Mishran-cpewykydwvjliqfdmdgxjcfypvkn/Build/Intermediates.noindex/ArchiveIntermediates/Mishran/IntermediateBuildFilesPath/Mishran.build/Release-iphoneos/MishranWidgets.build/MishranWidgets.appex.xcent.der (in target 'MishranWidgets' from project 'Mishran')
    cd /Users/ravibyakod/WORK/mithai-shop/mithai-shop/apps/ios
    /usr/bin/derq query -f xml -i /Users/ravibyakod/Library/Developer/Xcode/DerivedData/Mishran-cpewykydwvjliqfdmdgxjcfypvkn/Build/Intermediates.noindex/ArchiveIntermediates/Mishran/IntermediateBuildFilesPath/Mishran.build/Release-iphoneos/MishranWidgets.build/MishranWidgets.appex.xcent -o /Users/ravibyakod/Library/Developer/Xcode/DerivedData/Mishran-cpewykydwvjliqfdmdgxjcfypvkn/Build/Intermediates.noindex/ArchiveIntermediates/Mishran/IntermediateBuildFilesPath/Mishran.build/Release-iphoneos/MishranWidgets.build/MishranWidgets.appex.xcent.der --raw

ProcessXCFramework /Users/ravibyakod/Library/Developer/Xcode/DerivedData/Mishran-cpewykydwvjliqfdmdgxjcfypvkn/SourcePackages/checkouts/razorpay-pod/Pod/core/Razorpay.xcframework /Users/ravibyakod/Library/Developer/Xcode/DerivedData/Mishran-cpewykydwvjliqfdmdgxjcfypvkn/Build/Intermediates.noindex/ArchiveIntermediates/Mishran/BuildProductsPath/Release-iphoneos/Razorpay.framework ios
    cd /Users/ravibyakod/WORK/mithai-shop/mithai-shop/apps/ios/Mishran.xcodeproj
    builtin-process-xcframework --xcframework /Users/ravibyakod/Library/Developer/Xcode/DerivedData/Mishran-cpewykydwvjliqfdmdgxjcfypvkn/SourcePackages/checkouts/razorpay-pod/Pod/core/Razorpay.xcframework --platform ios --target-path /Users/ravibyakod/Library/Developer/Xcode/DerivedData/Mishran-cpewykydwvjliqfdmdgxjcfypvkn/Build/Intermediates.noindex/ArchiveIntermediates/Mishran/BuildProductsPath/Release-iphoneos

ProcessXCFramework /Users/ravibyakod/Library/Developer/Xcode/DerivedData/Mishran-cpewykydwvjliqfdmdgxjcfypvkn/SourcePackages/checkouts/razorpay-pod/Pod/core/RazorpayCore.xcframework /Users/ravibyakod/Library/Developer/Xcode/DerivedData/Mishran-cpewykydwvjliqfdmdgxjcfypvkn/Build/Intermediates.noindex/ArchiveIntermediates/Mishran/BuildProductsPath/Release-iphoneos/RazorpayCore.framework ios
    cd /Users/ravibyakod/WORK/mithai-shop/mithai-shop/apps/ios/Mishran.xcodeproj
    builtin-process-xcframework --xcframework /Users/ravibyakod/Library/Developer/Xcode/DerivedData/Mishran-cpewykydwvjliqfdmdgxjcfypvkn/SourcePackages/checkouts/razorpay-pod/Pod/core/RazorpayCore.xcframework --platform ios --target-path /Users/ravibyakod/Library/Developer/Xcode/DerivedData/Mishran-cpewykydwvjliqfdmdgxjcfypvkn/Build/Intermediates.noindex/ArchiveIntermediates/Mishran/BuildProductsPath/Release-iphoneos

ProcessXCFramework /Users/ravibyakod/Library/Developer/Xcode/DerivedData/Mishran-cpewykydwvjliqfdmdgxjcfypvkn/SourcePackages/artifacts/razorpay-pod/RazorpayStandard/RazorpayStandard.xcframework /Users/ravibyakod/Library/Developer/Xcode/DerivedData/Mishran-cpewykydwvjliqfdmdgxjcfypvkn/Build/Intermediates.noindex/ArchiveIntermediates/Mishran/BuildProductsPath/Release-iphoneos/RazorpayStandard.framework ios
    cd /Users/ravibyakod/WORK/mithai-shop/mithai-shop/apps/ios/Mishran.xcodeproj
    builtin-process-xcframework --xcframework /Users/ravibyakod/Library/Developer/Xcode/DerivedData/Mishran-cpewykydwvjliqfdmdgxjcfypvkn/SourcePackages/artifacts/razorpay-pod/RazorpayStandard/RazorpayStandard.xcframework --platform ios --target-path /Users/ravibyakod/Library/Developer/Xcode/DerivedData/Mishran-cpewykydwvjliqfdmdgxjcfypvkn/Build/Intermediates.noindex/ArchiveIntermediates/Mishran/BuildProductsPath/Release-iphoneos
/Users/ravibyakod/Library/Developer/Xcode/DerivedData/Mishran-cpewykydwvjliqfdmdgxjcfypvkn/SourcePackages/artifacts/razorpay-pod/RazorpayStandard/RazorpayStandard.xcframework:1:1: note: The identity of “RazorpayStandard.xcframework” is not recorded in your project.

ProcessInfoPlistFile /Users/ravibyakod/Library/Developer/Xcode/DerivedData/Mishran-cpewykydwvjliqfdmdgxjcfypvkn/Build/Intermediates.noindex/ArchiveIntermediates/Mishran/IntermediateBuildFilesPath/UninstalledProducts/iphoneos/MishranWidgets.appex/Info.plist /Users/ravibyakod/WORK/mithai-shop/mithai-shop/apps/ios/MishranWidgets/Info.plist (in target 'MishranWidgets' from project 'Mishran')
    cd /Users/ravibyakod/WORK/mithai-shop/mithai-shop/apps/ios
    builtin-infoPlistUtility /Users/ravibyakod/WORK/mithai-shop/mithai-shop/apps/ios/MishranWidgets/Info.plist -producttype com.apple.product-type.app-extension -expandbuildsettings -format binary -platform iphoneos -requiredArchitecture arm64 -o /Users/ravibyakod/Library/Developer/Xcode/DerivedData/Mishran-cpewykydwvjliqfdmdgxjcfypvkn/Build/Intermediates.noindex/ArchiveIntermediates/Mishran/IntermediateBuildFilesPath/UninstalledProducts/iphoneos/MishranWidgets.appex/Info.plist

CopyStringsFile /Users/ravibyakod/Library/Developer/Xcode/DerivedData/Mishran-cpewykydwvjliqfdmdgxjcfypvkn/Build/Intermediates.noindex/ArchiveIntermediates/Mishran/IntermediateBuildFilesPath/UninstalledProducts/iphoneos/MishranWidgets.appex/te.lproj/Localizable.strings /Users/ravibyakod/WORK/mithai-shop/mithai-shop/packages/i18n-strings/generated/ios/te.lproj/Localizable.strings (in target 'MishranWidgets' from project 'Mishran')
    cd /Users/ravibyakod/WORK/mithai-shop/mithai-shop/apps/ios
    builtin-copyStrings --validate --outputencoding binary --outfilename Localizable.strings --outdir /Users/ravibyakod/Library/Developer/Xcode/DerivedData/Mishran-cpewykydwvjliqfdmdgxjcfypvkn/Build/Intermediates.noindex/ArchiveIntermediates/Mishran/IntermediateBuildFilesPath/UninstalledProducts/iphoneos/MishranWidgets.appex/te.lproj -- /Users/ravibyakod/WORK/mithai-shop/mithai-shop/packages/i18n-strings/generated/ios/te.lproj/Localizable.strings
/Users/ravibyakod/WORK/mithai-shop/mithai-shop/packages/i18n-strings/generated/ios/te.lproj/Localizable.strings:1:1: note: detected encoding of input file as Unicode (UTF-8) (in target 'MishranWidgets' from project 'Mishran')

CopyStringsFile /Users/ravibyakod/Library/Developer/Xcode/DerivedData/Mishran-cpewykydwvjliqfdmdgxjcfypvkn/Build/Intermediates.noindex/ArchiveIntermediates/Mishran/IntermediateBuildFilesPath/UninstalledProducts/iphoneos/MishranWidgets.appex/ta.lproj/Localizable.strings /Users/ravibyakod/WORK/mithai-shop/mithai-shop/packages/i18n-strings/generated/ios/ta.lproj/Localizable.strings (in target 'MishranWidgets' from project 'Mishran')
    cd /Users/ravibyakod/WORK/mithai-shop/mithai-shop/apps/ios
    builtin-copyStrings --validate --outputencoding binary --outfilename Localizable.strings --outdir /Users/ravibyakod/Library/Developer/Xcode/DerivedData/Mishran-cpewykydwvjliqfdmdgxjcfypvkn/Build/Intermediates.noindex/ArchiveIntermediates/Mishran/IntermediateBuildFilesPath/UninstalledProducts/iphoneos/MishranWidgets.appex/ta.lproj -- /Users/ravibyakod/WORK/mithai-shop/mithai-shop/packages/i18n-strings/generated/ios/ta.lproj/Localizable.strings
/Users/ravibyakod/WORK/mithai-shop/mithai-shop/packages/i18n-strings/generated/ios/ta.lproj/Localizable.strings:1:1: note: detected encoding of input file as Unicode (UTF-8) (in target 'MishranWidgets' from project 'Mishran')

CopyStringsFile /Users/ravibyakod/Library/Developer/Xcode/DerivedData/Mishran-cpewykydwvjliqfdmdgxjcfypvkn/Build/Intermediates.noindex/ArchiveIntermediates/Mishran/IntermediateBuildFilesPath/UninstalledProducts/iphoneos/MishranWidgets.appex/pa.lproj/Localizable.strings /Users/ravibyakod/WORK/mithai-shop/mithai-shop/packages/i18n-strings/generated/ios/pa.lproj/Localizable.strings (in target 'MishranWidgets' from project 'Mishran')
    cd /Users/ravibyakod/WORK/mithai-shop/mithai-shop/apps/ios
    builtin-copyStrings --validate --outputencoding binary --outfilename Localizable.strings --outdir /Users/ravibyakod/Library/Developer/Xcode/DerivedData/Mishran-cpewykydwvjliqfdmdgxjcfypvkn/Build/Intermediates.noindex/ArchiveIntermediates/Mishran/IntermediateBuildFilesPath/UninstalledProducts/iphoneos/MishranWidgets.appex/pa.lproj -- /Users/ravibyakod/WORK/mithai-shop/mithai-shop/packages/i18n-strings/generated/ios/pa.lproj/Localizable.strings
/Users/ravibyakod/WORK/mithai-shop/mithai-shop/packages/i18n-strings/generated/ios/pa.lproj/Localizable.strings:1:1: note: detected encoding of input file as Unicode (UTF-8) (in target 'MishranWidgets' from project 'Mishran')

CopyStringsFile /Users/ravibyakod/Library/Developer/Xcode/DerivedData/Mishran-cpewykydwvjliqfdmdgxjcfypvkn/Build/Intermediates.noindex/ArchiveIntermediates/Mishran/IntermediateBuildFilesPath/UninstalledProducts/iphoneos/MishranWidgets.appex/mr.lproj/Localizable.strings /Users/ravibyakod/WORK/mithai-shop/mithai-shop/packages/i18n-strings/generated/ios/mr.lproj/Localizable.strings (in target 'MishranWidgets' from project 'Mishran')
    cd /Users/ravibyakod/WORK/mithai-shop/mithai-shop/apps/ios
    builtin-copyStrings --validate --outputencoding binary --outfilename Localizable.strings --outdir /Users/ravibyakod/Library/Developer/Xcode/DerivedData/Mishran-cpewykydwvjliqfdmdgxjcfypvkn/Build/Intermediates.noindex/ArchiveIntermediates/Mishran/IntermediateBuildFilesPath/UninstalledProducts/iphoneos/MishranWidgets.appex/mr.lproj -- /Users/ravibyakod/WORK/mithai-shop/mithai-shop/packages/i18n-strings/generated/ios/mr.lproj/Localizable.strings
/Users/ravibyakod/WORK/mithai-shop/mithai-shop/packages/i18n-strings/generated/ios/mr.lproj/Localizable.strings:1:1: note: detected encoding of input file as Unicode (UTF-8) (in target 'MishranWidgets' from project 'Mishran')

CopyStringsFile /Users/ravibyakod/Library/Developer/Xcode/DerivedData/Mishran-cpewykydwvjliqfdmdgxjcfypvkn/Build/Intermediates.noindex/ArchiveIntermediates/Mishran/IntermediateBuildFilesPath/UninstalledProducts/iphoneos/MishranWidgets.appex/kn.lproj/Localizable.strings /Users/ravibyakod/WORK/mithai-shop/mithai-shop/packages/i18n-strings/generated/ios/kn.lproj/Localizable.strings (in target 'MishranWidgets' from project 'Mishran')
    cd /Users/ravibyakod/WORK/mithai-shop/mithai-shop/apps/ios
    builtin-copyStrings --validate --outputencoding binary --outfilename Localizable.strings --outdir /Users/ravibyakod/Library/Developer/Xcode/DerivedData/Mishran-cpewykydwvjliqfdmdgxjcfypvkn/Build/Intermediates.noindex/ArchiveIntermediates/Mishran/IntermediateBuildFilesPath/UninstalledProducts/iphoneos/MishranWidgets.appex/kn.lproj -- /Users/ravibyakod/WORK/mithai-shop/mithai-shop/packages/i18n-strings/generated/ios/kn.lproj/Localizable.strings
/Users/ravibyakod/WORK/mithai-shop/mithai-shop/packages/i18n-strings/generated/ios/kn.lproj/Localizable.strings:1:1: note: detected encoding of input file as Unicode (UTF-8) (in target 'MishranWidgets' from project 'Mishran')

CopyStringsFile /Users/ravibyakod/Library/Developer/Xcode/DerivedData/Mishran-cpewykydwvjliqfdmdgxjcfypvkn/Build/Intermediates.noindex/ArchiveIntermediates/Mishran/IntermediateBuildFilesPath/UninstalledProducts/iphoneos/MishranWidgets.appex/gu.lproj/Localizable.strings /Users/ravibyakod/WORK/mithai-shop/mithai-shop/packages/i18n-strings/generated/ios/gu.lproj/Localizable.strings (in target 'MishranWidgets' from project 'Mishran')
    cd /Users/ravibyakod/WORK/mithai-shop/mithai-shop/apps/ios
    builtin-copyStrings --validate --outputencoding binary --outfilename Localizable.strings --outdir /Users/ravibyakod/Library/Developer/Xcode/DerivedData/Mishran-cpewykydwvjliqfdmdgxjcfypvkn/Build/Intermediates.noindex/ArchiveIntermediates/Mishran/IntermediateBuildFilesPath/UninstalledProducts/iphoneos/MishranWidgets.appex/gu.lproj -- /Users/ravibyakod/WORK/mithai-shop/mithai-shop/packages/i18n-strings/generated/ios/gu.lproj/Localizable.strings
/Users/ravibyakod/WORK/mithai-shop/mithai-shop/packages/i18n-strings/generated/ios/gu.lproj/Localizable.strings:1:1: note: detected encoding of input file as Unicode (UTF-8) (in target 'MishranWidgets' from project 'Mishran')

CopyStringsFile /Users/ravibyakod/Library/Developer/Xcode/DerivedData/Mishran-cpewykydwvjliqfdmdgxjcfypvkn/Build/Intermediates.noindex/ArchiveIntermediates/Mishran/IntermediateBuildFilesPath/UninstalledProducts/iphoneos/MishranWidgets.appex/hi.lproj/Localizable.strings /Users/ravibyakod/WORK/mithai-shop/mithai-shop/packages/i18n-strings/generated/ios/hi.lproj/Localizable.strings (in target 'MishranWidgets' from project 'Mishran')
    cd /Users/ravibyakod/WORK/mithai-shop/mithai-shop/apps/ios
    builtin-copyStrings --validate --outputencoding binary --outfilename Localizable.strings --outdir /Users/ravibyakod/Library/Developer/Xcode/DerivedData/Mishran-cpewykydwvjliqfdmdgxjcfypvkn/Build/Intermediates.noindex/ArchiveIntermediates/Mishran/IntermediateBuildFilesPath/UninstalledProducts/iphoneos/MishranWidgets.appex/hi.lproj -- /Users/ravibyakod/WORK/mithai-shop/mithai-shop/packages/i18n-strings/generated/ios/hi.lproj/Localizable.strings
/Users/ravibyakod/WORK/mithai-shop/mithai-shop/packages/i18n-strings/generated/ios/hi.lproj/Localizable.strings:1:1: note: detected encoding of input file as Unicode (UTF-8) (in target 'MishranWidgets' from project 'Mishran')

CopyStringsFile /Users/ravibyakod/Library/Developer/Xcode/DerivedData/Mishran-cpewykydwvjliqfdmdgxjcfypvkn/Build/Intermediates.noindex/ArchiveIntermediates/Mishran/IntermediateBuildFilesPath/UninstalledProducts/iphoneos/MishranWidgets.appex/en.lproj/Localizable.strings /Users/ravibyakod/WORK/mithai-shop/mithai-shop/packages/i18n-strings/generated/ios/en.lproj/Localizable.strings (in target 'MishranWidgets' from project 'Mishran')
    cd /Users/ravibyakod/WORK/mithai-shop/mithai-shop/apps/ios
    builtin-copyStrings --validate --outputencoding binary --outfilename Localizable.strings --outdir /Users/ravibyakod/Library/Developer/Xcode/DerivedData/Mishran-cpewykydwvjliqfdmdgxjcfypvkn/Build/Intermediates.noindex/ArchiveIntermediates/Mishran/IntermediateBuildFilesPath/UninstalledProducts/iphoneos/MishranWidgets.appex/en.lproj -- /Users/ravibyakod/WORK/mithai-shop/mithai-shop/packages/i18n-strings/generated/ios/en.lproj/Localizable.strings
/Users/ravibyakod/WORK/mithai-shop/mithai-shop/packages/i18n-strings/generated/ios/en.lproj/Localizable.strings:1:1: note: detected encoding of input file as Unicode (UTF-8) (in target 'MishranWidgets' from project 'Mishran')

CopyStringsFile /Users/ravibyakod/Library/Developer/Xcode/DerivedData/Mishran-cpewykydwvjliqfdmdgxjcfypvkn/Build/Intermediates.noindex/ArchiveIntermediates/Mishran/IntermediateBuildFilesPath/UninstalledProducts/iphoneos/MishranWidgets.appex/bn.lproj/Localizable.strings /Users/ravibyakod/WORK/mithai-shop/mithai-shop/packages/i18n-strings/generated/ios/bn.lproj/Localizable.strings (in target 'MishranWidgets' from project 'Mishran')
    cd /Users/ravibyakod/WORK/mithai-shop/mithai-shop/apps/ios
    builtin-copyStrings --validate --outputencoding binary --outfilename Localizable.strings --outdir /Users/ravibyakod/Library/Developer/Xcode/DerivedData/Mishran-cpewykydwvjliqfdmdgxjcfypvkn/Build/Intermediates.noindex/ArchiveIntermediates/Mishran/IntermediateBuildFilesPath/UninstalledProducts/iphoneos/MishranWidgets.appex/bn.lproj -- /Users/ravibyakod/WORK/mithai-shop/mithai-shop/packages/i18n-strings/generated/ios/bn.lproj/Localizable.strings
/Users/ravibyakod/WORK/mithai-shop/mithai-shop/packages/i18n-strings/generated/ios/bn.lproj/Localizable.strings:1:1: note: detected encoding of input file as Unicode (UTF-8) (in target 'MishranWidgets' from project 'Mishran')

SwiftDriver MishranWidgets normal arm64 com.apple.xcode.tools.swift.compiler (in target 'MishranWidgets' from project 'Mishran')
    cd /Users/ravibyakod/WORK/mithai-shop/mithai-shop/apps/ios
    builtin-SwiftDriver -- /Applications/Xcode.app/Contents/Developer/Toolchains/XcodeDefault.xctoolchain/usr/bin/swiftc -module-name MishranWidgets -O -whole-module-optimization @/Users/ravibyakod/Library/Developer/Xcode/DerivedData/Mishran-cpewykydwvjliqfdmdgxjcfypvkn/Build/Intermediates.noindex/ArchiveIntermediates/Mishran/IntermediateBuildFilesPath/Mishran.build/Release-iphoneos/MishranWidgets.build/Objects-normal/arm64/MishranWidgets.SwiftFileList -enable-bare-slash-regex -enable-experimental-feature DebugDescriptionMacro -sdk /Applications/Xcode.app/Contents/Developer/Platforms/iPhoneOS.platform/Developer/SDKs/iPhoneOS26.5.sdk -target arm64-apple-ios17.0 -g -module-cache-path /Users/ravibyakod/Library/Developer/Xcode/DerivedData/ModuleCache.noindex -Xfrontend -serialize-debugging-options -application-extension -swift-version 5 -I /Users/ravibyakod/Library/Developer/Xcode/DerivedData/Mishran-cpewykydwvjliqfdmdgxjcfypvkn/Build/Intermediates.noindex/ArchiveIntermediates/Mishran/BuildProductsPath/Release-iphoneos -F /Users/ravibyakod/Library/Developer/Xcode/DerivedData/Mishran-cpewykydwvjliqfdmdgxjcfypvkn/Build/Intermediates.noindex/ArchiveIntermediates/Mishran/BuildProductsPath/Release-iphoneos -c -num-threads 12 -Xcc -ivfsstatcache -Xcc /Users/ravibyakod/Library/Developer/Xcode/DerivedData/SDKStatCaches.noindex/iphoneos26.5-23F81a-32daed1954a7d5dd0789fcaf2a9bb78b.sdkstatcache -output-file-map /Users/ravibyakod/Library/Developer/Xcode/DerivedData/Mishran-cpewykydwvjliqfdmdgxjcfypvkn/Build/Intermediates.noindex/ArchiveIntermediates/Mishran/IntermediateBuildFilesPath/Mishran.build/Release-iphoneos/MishranWidgets.build/Objects-normal/arm64/MishranWidgets-OutputFileMap.json -use-frontend-parseable-output -save-temps -no-color-diagnostics -explicit-module-build -module-cache-path /Users/ravibyakod/Library/Developer/Xcode/DerivedData/Mishran-cpewykydwvjliqfdmdgxjcfypvkn/Build/Intermediates.noindex/ArchiveIntermediates/Mishran/IntermediateBuildFilesPath/SwiftExplicitPrecompiledModules -clang-scanner-module-cache-path /Users/ravibyakod/Library/Developer/Xcode/DerivedData/ModuleCache.noindex -sdk-module-cache-path /Users/ravibyakod/Library/Developer/Xcode/DerivedData/ModuleCache.noindex -serialize-diagnostics -emit-dependencies -emit-module -emit-module-path /Users/ravibyakod/Library/Developer/Xcode/DerivedData/Mishran-cpewykydwvjliqfdmdgxjcfypvkn/Build/Intermediates.noindex/ArchiveIntermediates/Mishran/IntermediateBuildFilesPath/Mishran.build/Release-iphoneos/MishranWidgets.build/Objects-normal/arm64/MishranWidgets.swiftmodule -validate-clang-modules-once -clang-build-session-file /Users/ravibyakod/Library/Developer/Xcode/DerivedData/ModuleCache.noindex/Session.modulevalidation -Xcc -I/Users/ravibyakod/Library/Developer/Xcode/DerivedData/Mishran-cpewykydwvjliqfdmdgxjcfypvkn/Build/Intermediates.noindex/ArchiveIntermediates/Mishran/IntermediateBuildFilesPath/Mishran.build/Release-iphoneos/MishranWidgets.build/swift-overrides.hmap -emit-const-values -Xfrontend -const-gather-protocols-file -Xfrontend /Users/ravibyakod/Library/Developer/Xcode/DerivedData/Mishran-cpewykydwvjliqfdmdgxjcfypvkn/Build/Intermediates.noindex/ArchiveIntermediates/Mishran/IntermediateBuildFilesPath/Mishran.build/Release-iphoneos/MishranWidgets.build/Objects-normal/arm64/MishranWidgets_const_extract_protocols.json -Xcc -iquote -Xcc /Users/ravibyakod/Library/Developer/Xcode/DerivedData/Mishran-cpewykydwvjliqfdmdgxjcfypvkn/Build/Intermediates.noindex/ArchiveIntermediates/Mishran/IntermediateBuildFilesPath/Mishran.build/Release-iphoneos/MishranWidgets.build/MishranWidgets-generated-files.hmap -Xcc -I/Users/ravibyakod/Library/Developer/Xcode/DerivedData/Mishran-cpewykydwvjliqfdmdgxjcfypvkn/Build/Intermediates.noindex/ArchiveIntermediates/Mishran/IntermediateBuildFilesPath/Mishran.build/Release-iphoneos/MishranWidgets.build/MishranWidgets-own-target-headers.hmap -Xcc -I/Users/ravibyakod/Library/Developer/Xcode/DerivedData/Mishran-cpewykydwvjliqfdmdgxjcfypvkn/Build/Intermediates.noindex/ArchiveIntermediates/Mishran/IntermediateBuildFilesPath/Mishran.build/Release-iphoneos/MishranWidgets.build/MishranWidgets-all-non-framework-target-headers.hmap -Xcc -ivfsoverlay -Xcc /Users/ravibyakod/Library/Developer/Xcode/DerivedData/Mishran-cpewykydwvjliqfdmdgxjcfypvkn/Build/Intermediates.noindex/ArchiveIntermediates/Mishran/IntermediateBuildFilesPath/Mishran.build/Release-iphoneos/Mishran-d5faa9f63ed182102bbc449ae56a9586-VFS-iphoneos/all-product-headers.yaml -Xcc -iquote -Xcc /Users/ravibyakod/Library/Developer/Xcode/DerivedData/Mishran-cpewykydwvjliqfdmdgxjcfypvkn/Build/Intermediates.noindex/ArchiveIntermediates/Mishran/IntermediateBuildFilesPath/Mishran.build/Release-iphoneos/MishranWidgets.build/MishranWidgets-project-headers.hmap -Xcc -I/Users/ravibyakod/Library/Developer/Xcode/DerivedData/Mishran-cpewykydwvjliqfdmdgxjcfypvkn/Build/Intermediates.noindex/ArchiveIntermediates/Mishran/BuildProductsPath/Release-iphoneos/include -Xcc -I/Users/ravibyakod/Library/Developer/Xcode/DerivedData/Mishran-cpewykydwvjliqfdmdgxjcfypvkn/Build/Intermediates.noindex/ArchiveIntermediates/Mishran/IntermediateBuildFilesPath/Mishran.build/Release-iphoneos/MishranWidgets.build/DerivedSources-normal/arm64 -Xcc -I/Users/ravibyakod/Library/Developer/Xcode/DerivedData/Mishran-cpewykydwvjliqfdmdgxjcfypvkn/Build/Intermediates.noindex/ArchiveIntermediates/Mishran/IntermediateBuildFilesPath/Mishran.build/Release-iphoneos/MishranWidgets.build/DerivedSources/arm64 -Xcc -I/Users/ravibyakod/Library/Developer/Xcode/DerivedData/Mishran-cpewykydwvjliqfdmdgxjcfypvkn/Build/Intermediates.noindex/ArchiveIntermediates/Mishran/IntermediateBuildFilesPath/Mishran.build/Release-iphoneos/MishranWidgets.build/DerivedSources -emit-objc-header -emit-objc-header-path /Users/ravibyakod/Library/Developer/Xcode/DerivedData/Mishran-cpewykydwvjliqfdmdgxjcfypvkn/Build/Intermediates.noindex/ArchiveIntermediates/Mishran/IntermediateBuildFilesPath/Mishran.build/Release-iphoneos/MishranWidgets.build/Objects-normal/arm64/MishranWidgets-Swift.h -working-directory /Users/ravibyakod/WORK/mithai-shop/mithai-shop/apps/ios -no-emit-module-separately-wmo

WriteAuxiliaryFile /Users/ravibyakod/Library/Developer/Xcode/DerivedData/Mishran-cpewykydwvjliqfdmdgxjcfypvkn/Build/Intermediates.noindex/ArchiveIntermediates/Mishran/IntermediateBuildFilesPath/RazorpayCheckout.build/Release-iphoneos/RazorpayCheckout.build/RazorpayCheckout.modulemap (in target 'RazorpayCheckout' from project 'RazorpayCheckout')
    cd /Users/ravibyakod/Library/Developer/Xcode/DerivedData/Mishran-cpewykydwvjliqfdmdgxjcfypvkn/SourcePackages/checkouts/razorpay-pod
    write-file /Users/ravibyakod/Library/Developer/Xcode/DerivedData/Mishran-cpewykydwvjliqfdmdgxjcfypvkn/Build/Intermediates.noindex/ArchiveIntermediates/Mishran/IntermediateBuildFilesPath/RazorpayCheckout.build/Release-iphoneos/RazorpayCheckout.build/RazorpayCheckout.modulemap

WriteAuxiliaryFile /Users/ravibyakod/Library/Developer/Xcode/DerivedData/Mishran-cpewykydwvjliqfdmdgxjcfypvkn/Build/Intermediates.noindex/ArchiveIntermediates/Mishran/IntermediateBuildFilesPath/RazorpayCheckout.build/Release-iphoneos/RazorpayCheckout.build/RazorpayCheckout.DependencyStaticMetadataFileList (in target 'RazorpayCheckout' from project 'RazorpayCheckout')
    cd /Users/ravibyakod/Library/Developer/Xcode/DerivedData/Mishran-cpewykydwvjliqfdmdgxjcfypvkn/SourcePackages/checkouts/razorpay-pod
    write-file /Users/ravibyakod/Library/Developer/Xcode/DerivedData/Mishran-cpewykydwvjliqfdmdgxjcfypvkn/Build/Intermediates.noindex/ArchiveIntermediates/Mishran/IntermediateBuildFilesPath/RazorpayCheckout.build/Release-iphoneos/RazorpayCheckout.build/RazorpayCheckout.DependencyStaticMetadataFileList

WriteAuxiliaryFile /Users/ravibyakod/Library/Developer/Xcode/DerivedData/Mishran-cpewykydwvjliqfdmdgxjcfypvkn/Build/Intermediates.noindex/ArchiveIntermediates/Mishran/IntermediateBuildFilesPath/RazorpayCheckout.build/Release-iphoneos/RazorpayCheckout.build/RazorpayCheckout.DependencyMetadataFileList (in target 'RazorpayCheckout' from project 'RazorpayCheckout')
    cd /Users/ravibyakod/Library/Developer/Xcode/DerivedData/Mishran-cpewykydwvjliqfdmdgxjcfypvkn/SourcePackages/checkouts/razorpay-pod
    write-file /Users/ravibyakod/Library/Developer/Xcode/DerivedData/Mishran-cpewykydwvjliqfdmdgxjcfypvkn/Build/Intermediates.noindex/ArchiveIntermediates/Mishran/IntermediateBuildFilesPath/RazorpayCheckout.build/Release-iphoneos/RazorpayCheckout.build/RazorpayCheckout.DependencyMetadataFileList

WriteAuxiliaryFile /Users/ravibyakod/Library/Developer/Xcode/DerivedData/Mishran-cpewykydwvjliqfdmdgxjcfypvkn/Build/Intermediates.noindex/ArchiveIntermediates/Mishran/IntermediateBuildFilesPath/RazorpayCheckout.build/Release-iphoneos/RazorpayCheckout.build/Objects-normal/arm64/RazorpayCheckout.LinkFileList (in target 'RazorpayCheckout' from project 'RazorpayCheckout')
    cd /Users/ravibyakod/Library/Developer/Xcode/DerivedData/Mishran-cpewykydwvjliqfdmdgxjcfypvkn/SourcePackages/checkouts/razorpay-pod
    write-file /Users/ravibyakod/Library/Developer/Xcode/DerivedData/Mishran-cpewykydwvjliqfdmdgxjcfypvkn/Build/Intermediates.noindex/ArchiveIntermediates/Mishran/IntermediateBuildFilesPath/RazorpayCheckout.build/Release-iphoneos/RazorpayCheckout.build/Objects-normal/arm64/RazorpayCheckout.LinkFileList

WriteAuxiliaryFile /Users/ravibyakod/Library/Developer/Xcode/DerivedData/Mishran-cpewykydwvjliqfdmdgxjcfypvkn/Build/Intermediates.noindex/ArchiveIntermediates/Mishran/IntermediateBuildFilesPath/RazorpayCheckout.build/Release-iphoneos/RazorpayCheckout.build/Objects-normal/arm64/RazorpayCheckout_const_extract_protocols.json (in target 'RazorpayCheckout' from project 'RazorpayCheckout')
    cd /Users/ravibyakod/Library/Developer/Xcode/DerivedData/Mishran-cpewykydwvjliqfdmdgxjcfypvkn/SourcePackages/checkouts/razorpay-pod
    write-file /Users/ravibyakod/Library/Developer/Xcode/DerivedData/Mishran-cpewykydwvjliqfdmdgxjcfypvkn/Build/Intermediates.noindex/ArchiveIntermediates/Mishran/IntermediateBuildFilesPath/RazorpayCheckout.build/Release-iphoneos/RazorpayCheckout.build/Objects-normal/arm64/RazorpayCheckout_const_extract_protocols.json

WriteAuxiliaryFile /Users/ravibyakod/Library/Developer/Xcode/DerivedData/Mishran-cpewykydwvjliqfdmdgxjcfypvkn/Build/Intermediates.noindex/ArchiveIntermediates/Mishran/IntermediateBuildFilesPath/Mishran.build/Release-iphoneos/Mishran.build/Objects-normal/arm64/Mishran.SwiftFileList (in target 'Mishran' from project 'Mishran')
    cd /Users/ravibyakod/WORK/mithai-shop/mithai-shop/apps/ios
    write-file /Users/ravibyakod/Library/Developer/Xcode/DerivedData/Mishran-cpewykydwvjliqfdmdgxjcfypvkn/Build/Intermediates.noindex/ArchiveIntermediates/Mishran/IntermediateBuildFilesPath/Mishran.build/Release-iphoneos/Mishran.build/Objects-normal/arm64/Mishran.SwiftFileList

WriteAuxiliaryFile /Users/ravibyakod/Library/Developer/Xcode/DerivedData/Mishran-cpewykydwvjliqfdmdgxjcfypvkn/Build/Intermediates.noindex/ArchiveIntermediates/Mishran/IntermediateBuildFilesPath/RazorpayCheckout.build/Release-iphoneos/RazorpayCheckout.build/Objects-normal/arm64/RazorpayCheckout.SwiftFileList (in target 'RazorpayCheckout' from project 'RazorpayCheckout')
    cd /Users/ravibyakod/Library/Developer/Xcode/DerivedData/Mishran-cpewykydwvjliqfdmdgxjcfypvkn/SourcePackages/checkouts/razorpay-pod
    write-file /Users/ravibyakod/Library/Developer/Xcode/DerivedData/Mishran-cpewykydwvjliqfdmdgxjcfypvkn/Build/Intermediates.noindex/ArchiveIntermediates/Mishran/IntermediateBuildFilesPath/RazorpayCheckout.build/Release-iphoneos/RazorpayCheckout.build/Objects-normal/arm64/RazorpayCheckout.SwiftFileList

WriteAuxiliaryFile /Users/ravibyakod/Library/Developer/Xcode/DerivedData/Mishran-cpewykydwvjliqfdmdgxjcfypvkn/Build/Intermediates.noindex/ArchiveIntermediates/Mishran/IntermediateBuildFilesPath/Mishran.build/Release-iphoneos/Mishran.build/Objects-normal/arm64/Mishran.SwiftConstValuesFileList (in target 'Mishran' from project 'Mishran')
    cd /Users/ravibyakod/WORK/mithai-shop/mithai-shop/apps/ios
    write-file /Users/ravibyakod/Library/Developer/Xcode/DerivedData/Mishran-cpewykydwvjliqfdmdgxjcfypvkn/Build/Intermediates.noindex/ArchiveIntermediates/Mishran/IntermediateBuildFilesPath/Mishran.build/Release-iphoneos/Mishran.build/Objects-normal/arm64/Mishran.SwiftConstValuesFileList

WriteAuxiliaryFile /Users/ravibyakod/Library/Developer/Xcode/DerivedData/Mishran-cpewykydwvjliqfdmdgxjcfypvkn/Build/Intermediates.noindex/ArchiveIntermediates/Mishran/IntermediateBuildFilesPath/RazorpayCheckout.build/Release-iphoneos/RazorpayCheckout.build/Objects-normal/arm64/RazorpayCheckout-OutputFileMap.json (in target 'RazorpayCheckout' from project 'RazorpayCheckout')
    cd /Users/ravibyakod/Library/Developer/Xcode/DerivedData/Mishran-cpewykydwvjliqfdmdgxjcfypvkn/SourcePackages/checkouts/razorpay-pod
    write-file /Users/ravibyakod/Library/Developer/Xcode/DerivedData/Mishran-cpewykydwvjliqfdmdgxjcfypvkn/Build/Intermediates.noindex/ArchiveIntermediates/Mishran/IntermediateBuildFilesPath/RazorpayCheckout.build/Release-iphoneos/RazorpayCheckout.build/Objects-normal/arm64/RazorpayCheckout-OutputFileMap.json

WriteAuxiliaryFile /Users/ravibyakod/Library/Developer/Xcode/DerivedData/Mishran-cpewykydwvjliqfdmdgxjcfypvkn/Build/Intermediates.noindex/ArchiveIntermediates/Mishran/IntermediateBuildFilesPath/Mishran.build/Release-iphoneos/Mishran.build/Objects-normal/arm64/Mishran_const_extract_protocols.json (in target 'Mishran' from project 'Mishran')
    cd /Users/ravibyakod/WORK/mithai-shop/mithai-shop/apps/ios
    write-file /Users/ravibyakod/Library/Developer/Xcode/DerivedData/Mishran-cpewykydwvjliqfdmdgxjcfypvkn/Build/Intermediates.noindex/ArchiveIntermediates/Mishran/IntermediateBuildFilesPath/Mishran.build/Release-iphoneos/Mishran.build/Objects-normal/arm64/Mishran_const_extract_protocols.json

WriteAuxiliaryFile /Users/ravibyakod/Library/Developer/Xcode/DerivedData/Mishran-cpewykydwvjliqfdmdgxjcfypvkn/Build/Intermediates.noindex/ArchiveIntermediates/Mishran/IntermediateBuildFilesPath/RazorpayCheckout.build/Release-iphoneos/RazorpayCheckout.build/Objects-normal/arm64/RazorpayCheckout.SwiftConstValuesFileList (in target 'RazorpayCheckout' from project 'RazorpayCheckout')
    cd /Users/ravibyakod/Library/Developer/Xcode/DerivedData/Mishran-cpewykydwvjliqfdmdgxjcfypvkn/SourcePackages/checkouts/razorpay-pod
    write-file /Users/ravibyakod/Library/Developer/Xcode/DerivedData/Mishran-cpewykydwvjliqfdmdgxjcfypvkn/Build/Intermediates.noindex/ArchiveIntermediates/Mishran/IntermediateBuildFilesPath/RazorpayCheckout.build/Release-iphoneos/RazorpayCheckout.build/Objects-normal/arm64/RazorpayCheckout.SwiftConstValuesFileList

WriteAuxiliaryFile /Users/ravibyakod/Library/Developer/Xcode/DerivedData/Mishran-cpewykydwvjliqfdmdgxjcfypvkn/Build/Intermediates.noindex/ArchiveIntermediates/Mishran/IntermediateBuildFilesPath/Mishran.build/Release-iphoneos/Mishran.build/Objects-normal/arm64/Mishran.LinkFileList (in target 'Mishran' from project 'Mishran')
    cd /Users/ravibyakod/WORK/mithai-shop/mithai-shop/apps/ios
    write-file /Users/ravibyakod/Library/Developer/Xcode/DerivedData/Mishran-cpewykydwvjliqfdmdgxjcfypvkn/Build/Intermediates.noindex/ArchiveIntermediates/Mishran/IntermediateBuildFilesPath/Mishran.build/Release-iphoneos/Mishran.build/Objects-normal/arm64/Mishran.LinkFileList

WriteAuxiliaryFile /Users/ravibyakod/Library/Developer/Xcode/DerivedData/Mishran-cpewykydwvjliqfdmdgxjcfypvkn/Build/Intermediates.noindex/ArchiveIntermediates/Mishran/IntermediateBuildFilesPath/Mishran.build/Release-iphoneos/Mishran.build/Objects-normal/arm64/Mishran-OutputFileMap.json (in target 'Mishran' from project 'Mishran')
    cd /Users/ravibyakod/WORK/mithai-shop/mithai-shop/apps/ios
    write-file /Users/ravibyakod/Library/Developer/Xcode/DerivedData/Mishran-cpewykydwvjliqfdmdgxjcfypvkn/Build/Intermediates.noindex/ArchiveIntermediates/Mishran/IntermediateBuildFilesPath/Mishran.build/Release-iphoneos/Mishran.build/Objects-normal/arm64/Mishran-OutputFileMap.json

WriteAuxiliaryFile /Users/ravibyakod/Library/Developer/Xcode/DerivedData/Mishran-cpewykydwvjliqfdmdgxjcfypvkn/Build/Intermediates.noindex/ArchiveIntermediates/Mishran/IntermediateBuildFilesPath/Mishran.build/Release-iphoneos/Mishran.build/Mishran.hmap (in target 'Mishran' from project 'Mishran')
    cd /Users/ravibyakod/WORK/mithai-shop/mithai-shop/apps/ios
    write-file /Users/ravibyakod/Library/Developer/Xcode/DerivedData/Mishran-cpewykydwvjliqfdmdgxjcfypvkn/Build/Intermediates.noindex/ArchiveIntermediates/Mishran/IntermediateBuildFilesPath/Mishran.build/Release-iphoneos/Mishran.build/Mishran.hmap

WriteAuxiliaryFile /Users/ravibyakod/Library/Developer/Xcode/DerivedData/Mishran-cpewykydwvjliqfdmdgxjcfypvkn/Build/Intermediates.noindex/ArchiveIntermediates/Mishran/IntermediateBuildFilesPath/Mishran.build/Release-iphoneos/Mishran.build/Mishran.DependencyStaticMetadataFileList (in target 'Mishran' from project 'Mishran')
    cd /Users/ravibyakod/WORK/mithai-shop/mithai-shop/apps/ios
    write-file /Users/ravibyakod/Library/Developer/Xcode/DerivedData/Mishran-cpewykydwvjliqfdmdgxjcfypvkn/Build/Intermediates.noindex/ArchiveIntermediates/Mishran/IntermediateBuildFilesPath/Mishran.build/Release-iphoneos/Mishran.build/Mishran.DependencyStaticMetadataFileList

WriteAuxiliaryFile /Users/ravibyakod/Library/Developer/Xcode/DerivedData/Mishran-cpewykydwvjliqfdmdgxjcfypvkn/Build/Intermediates.noindex/ArchiveIntermediates/Mishran/IntermediateBuildFilesPath/Mishran.build/Release-iphoneos/Mishran.build/Mishran.DependencyMetadataFileList (in target 'Mishran' from project 'Mishran')
    cd /Users/ravibyakod/WORK/mithai-shop/mithai-shop/apps/ios
    write-file /Users/ravibyakod/Library/Developer/Xcode/DerivedData/Mishran-cpewykydwvjliqfdmdgxjcfypvkn/Build/Intermediates.noindex/ArchiveIntermediates/Mishran/IntermediateBuildFilesPath/Mishran.build/Release-iphoneos/Mishran.build/Mishran.DependencyMetadataFileList

WriteAuxiliaryFile /Users/ravibyakod/Library/Developer/Xcode/DerivedData/Mishran-cpewykydwvjliqfdmdgxjcfypvkn/Build/Intermediates.noindex/ArchiveIntermediates/Mishran/IntermediateBuildFilesPath/Mishran.build/Release-iphoneos/Mishran.build/Mishran-project-headers.hmap (in target 'Mishran' from project 'Mishran')
    cd /Users/ravibyakod/WORK/mithai-shop/mithai-shop/apps/ios
    write-file /Users/ravibyakod/Library/Developer/Xcode/DerivedData/Mishran-cpewykydwvjliqfdmdgxjcfypvkn/Build/Intermediates.noindex/ArchiveIntermediates/Mishran/IntermediateBuildFilesPath/Mishran.build/Release-iphoneos/Mishran.build/Mishran-project-headers.hmap

WriteAuxiliaryFile /Users/ravibyakod/Library/Developer/Xcode/DerivedData/Mishran-cpewykydwvjliqfdmdgxjcfypvkn/Build/Intermediates.noindex/ArchiveIntermediates/Mishran/IntermediateBuildFilesPath/Mishran.build/Release-iphoneos/Mishran.build/Mishran-own-target-headers.hmap (in target 'Mishran' from project 'Mishran')
    cd /Users/ravibyakod/WORK/mithai-shop/mithai-shop/apps/ios
    write-file /Users/ravibyakod/Library/Developer/Xcode/DerivedData/Mishran-cpewykydwvjliqfdmdgxjcfypvkn/Build/Intermediates.noindex/ArchiveIntermediates/Mishran/IntermediateBuildFilesPath/Mishran.build/Release-iphoneos/Mishran.build/Mishran-own-target-headers.hmap

WriteAuxiliaryFile /Users/ravibyakod/Library/Developer/Xcode/DerivedData/Mishran-cpewykydwvjliqfdmdgxjcfypvkn/Build/Intermediates.noindex/ArchiveIntermediates/Mishran/IntermediateBuildFilesPath/Mishran.build/Release-iphoneos/Mishran.build/Mishran-all-target-headers.hmap (in target 'Mishran' from project 'Mishran')
    cd /Users/ravibyakod/WORK/mithai-shop/mithai-shop/apps/ios
    write-file /Users/ravibyakod/Library/Developer/Xcode/DerivedData/Mishran-cpewykydwvjliqfdmdgxjcfypvkn/Build/Intermediates.noindex/ArchiveIntermediates/Mishran/IntermediateBuildFilesPath/Mishran.build/Release-iphoneos/Mishran.build/Mishran-all-target-headers.hmap

Copy /Users/ravibyakod/Library/Developer/Xcode/DerivedData/Mishran-cpewykydwvjliqfdmdgxjcfypvkn/Build/Intermediates.noindex/ArchiveIntermediates/Mishran/IntermediateBuildFilesPath/GeneratedModuleMaps-iphoneos/RazorpayCheckout.modulemap /Users/ravibyakod/Library/Developer/Xcode/DerivedData/Mishran-cpewykydwvjliqfdmdgxjcfypvkn/Build/Intermediates.noindex/ArchiveIntermediates/Mishran/IntermediateBuildFilesPath/RazorpayCheckout.build/Release-iphoneos/RazorpayCheckout.build/RazorpayCheckout.modulemap (in target 'RazorpayCheckout' from project 'RazorpayCheckout')
    cd /Users/ravibyakod/Library/Developer/Xcode/DerivedData/Mishran-cpewykydwvjliqfdmdgxjcfypvkn/SourcePackages/checkouts/razorpay-pod
    builtin-copy -exclude .DS_Store -exclude CVS -exclude .svn -exclude .git -exclude .hg -strip-unsigned-binaries -strip-deterministic -strip-tool /Applications/Xcode.app/Contents/Developer/Toolchains/XcodeDefault.xctoolchain/usr/bin/strip -resolve-src-symlinks /Users/ravibyakod/Library/Developer/Xcode/DerivedData/Mishran-cpewykydwvjliqfdmdgxjcfypvkn/Build/Intermediates.noindex/ArchiveIntermediates/Mishran/IntermediateBuildFilesPath/RazorpayCheckout.build/Release-iphoneos/RazorpayCheckout.build/RazorpayCheckout.modulemap /Users/ravibyakod/Library/Developer/Xcode/DerivedData/Mishran-cpewykydwvjliqfdmdgxjcfypvkn/Build/Intermediates.noindex/ArchiveIntermediates/Mishran/IntermediateBuildFilesPath/GeneratedModuleMaps-iphoneos

WriteAuxiliaryFile /Users/ravibyakod/Library/Developer/Xcode/DerivedData/Mishran-cpewykydwvjliqfdmdgxjcfypvkn/Build/Intermediates.noindex/ArchiveIntermediates/Mishran/IntermediateBuildFilesPath/Mishran.build/Release-iphoneos/Mishran.build/Mishran-generated-files.hmap (in target 'Mishran' from project 'Mishran')
    cd /Users/ravibyakod/WORK/mithai-shop/mithai-shop/apps/ios
    write-file /Users/ravibyakod/Library/Developer/Xcode/DerivedData/Mishran-cpewykydwvjliqfdmdgxjcfypvkn/Build/Intermediates.noindex/ArchiveIntermediates/Mishran/IntermediateBuildFilesPath/Mishran.build/Release-iphoneos/Mishran.build/Mishran-generated-files.hmap

WriteAuxiliaryFile /Users/ravibyakod/Library/Developer/Xcode/DerivedData/Mishran-cpewykydwvjliqfdmdgxjcfypvkn/Build/Intermediates.noindex/ArchiveIntermediates/Mishran/IntermediateBuildFilesPath/Mishran.build/Release-iphoneos/Mishran.build/Mishran-all-non-framework-target-headers.hmap (in target 'Mishran' from project 'Mishran')
    cd /Users/ravibyakod/WORK/mithai-shop/mithai-shop/apps/ios
    write-file /Users/ravibyakod/Library/Developer/Xcode/DerivedData/Mishran-cpewykydwvjliqfdmdgxjcfypvkn/Build/Intermediates.noindex/ArchiveIntermediates/Mishran/IntermediateBuildFilesPath/Mishran.build/Release-iphoneos/Mishran.build/Mishran-all-non-framework-target-headers.hmap

SymLink /Users/ravibyakod/Library/Developer/Xcode/DerivedData/Mishran-cpewykydwvjliqfdmdgxjcfypvkn/Build/Intermediates.noindex/ArchiveIntermediates/Mishran/BuildProductsPath/Release-iphoneos/RazorpayCheckout.o ../../IntermediateBuildFilesPath/UninstalledProducts/iphoneos/RazorpayCheckout.o (in target 'RazorpayCheckout' from project 'RazorpayCheckout')
    cd /Users/ravibyakod/Library/Developer/Xcode/DerivedData/Mishran-cpewykydwvjliqfdmdgxjcfypvkn/SourcePackages/checkouts/razorpay-pod
    /bin/ln -sfh ../../IntermediateBuildFilesPath/UninstalledProducts/iphoneos/RazorpayCheckout.o /Users/ravibyakod/Library/Developer/Xcode/DerivedData/Mishran-cpewykydwvjliqfdmdgxjcfypvkn/Build/Intermediates.noindex/ArchiveIntermediates/Mishran/BuildProductsPath/Release-iphoneos/RazorpayCheckout.o

WriteAuxiliaryFile /Users/ravibyakod/Library/Developer/Xcode/DerivedData/Mishran-cpewykydwvjliqfdmdgxjcfypvkn/Build/Intermediates.noindex/ArchiveIntermediates/Mishran/IntermediateBuildFilesPath/Mishran.build/Release-iphoneos/Mishran.build/DerivedSources/Entitlements.plist (in target 'Mishran' from project 'Mishran')
    cd /Users/ravibyakod/WORK/mithai-shop/mithai-shop/apps/ios
    write-file /Users/ravibyakod/Library/Developer/Xcode/DerivedData/Mishran-cpewykydwvjliqfdmdgxjcfypvkn/Build/Intermediates.noindex/ArchiveIntermediates/Mishran/IntermediateBuildFilesPath/Mishran.build/Release-iphoneos/Mishran.build/DerivedSources/Entitlements.plist

SymLink /Users/ravibyakod/Library/Developer/Xcode/DerivedData/Mishran-cpewykydwvjliqfdmdgxjcfypvkn/Build/Intermediates.noindex/ArchiveIntermediates/Mishran/BuildProductsPath/Release-iphoneos/Mishran.app ../../InstallationBuildProductsLocation/Applications/Mishran.app (in target 'Mishran' from project 'Mishran')
    cd /Users/ravibyakod/WORK/mithai-shop/mithai-shop/apps/ios
    /bin/ln -sfh ../../InstallationBuildProductsLocation/Applications/Mishran.app /Users/ravibyakod/Library/Developer/Xcode/DerivedData/Mishran-cpewykydwvjliqfdmdgxjcfypvkn/Build/Intermediates.noindex/ArchiveIntermediates/Mishran/BuildProductsPath/Release-iphoneos/Mishran.app

MkDir /Users/ravibyakod/Library/Developer/Xcode/DerivedData/Mishran-cpewykydwvjliqfdmdgxjcfypvkn/Build/Intermediates.noindex/ArchiveIntermediates/Mishran/InstallationBuildProductsLocation/Applications/Mishran.app/PlugIns (in target 'Mishran' from project 'Mishran')
    cd /Users/ravibyakod/WORK/mithai-shop/mithai-shop/apps/ios
    /bin/mkdir -p /Users/ravibyakod/Library/Developer/Xcode/DerivedData/Mishran-cpewykydwvjliqfdmdgxjcfypvkn/Build/Intermediates.noindex/ArchiveIntermediates/Mishran/InstallationBuildProductsLocation/Applications/Mishran.app/PlugIns

MkDir /Users/ravibyakod/Library/Developer/Xcode/DerivedData/Mishran-cpewykydwvjliqfdmdgxjcfypvkn/Build/Intermediates.noindex/ArchiveIntermediates/Mishran/InstallationBuildProductsLocation/Applications/Mishran.app/Frameworks (in target 'Mishran' from project 'Mishran')
    cd /Users/ravibyakod/WORK/mithai-shop/mithai-shop/apps/ios
    /bin/mkdir -p /Users/ravibyakod/Library/Developer/Xcode/DerivedData/Mishran-cpewykydwvjliqfdmdgxjcfypvkn/Build/Intermediates.noindex/ArchiveIntermediates/Mishran/InstallationBuildProductsLocation/Applications/Mishran.app/Frameworks

MkDir /Users/ravibyakod/Library/Developer/Xcode/DerivedData/Mishran-cpewykydwvjliqfdmdgxjcfypvkn/Build/Intermediates.noindex/ArchiveIntermediates/Mishran/InstallationBuildProductsLocation/Applications/Mishran.app (in target 'Mishran' from project 'Mishran')
    cd /Users/ravibyakod/WORK/mithai-shop/mithai-shop/apps/ios
    /bin/mkdir -p /Users/ravibyakod/Library/Developer/Xcode/DerivedData/Mishran-cpewykydwvjliqfdmdgxjcfypvkn/Build/Intermediates.noindex/ArchiveIntermediates/Mishran/InstallationBuildProductsLocation/Applications/Mishran.app

SwiftDriver RazorpayCheckout normal arm64 com.apple.xcode.tools.swift.compiler (in target 'RazorpayCheckout' from project 'RazorpayCheckout')
    cd /Users/ravibyakod/WORK/mithai-shop/mithai-shop/apps/ios/Mishran.xcodeproj
    builtin-SwiftDriver -- /Applications/Xcode.app/Contents/Developer/Toolchains/XcodeDefault.xctoolchain/usr/bin/swiftc -module-name RazorpayCheckout -O -whole-module-optimization @/Users/ravibyakod/Library/Developer/Xcode/DerivedData/Mishran-cpewykydwvjliqfdmdgxjcfypvkn/Build/Intermediates.noindex/ArchiveIntermediates/Mishran/IntermediateBuildFilesPath/RazorpayCheckout.build/Release-iphoneos/RazorpayCheckout.build/Objects-normal/arm64/RazorpayCheckout.SwiftFileList -DSWIFT_PACKAGE -DSWIFT_MODULE_RESOURCE_BUNDLE_UNAVAILABLE -DXcode -plugin-path /Applications/Xcode.app/Contents/Developer/Toolchains/XcodeDefault.xctoolchain/usr/lib/swift/host/plugins/testing -enable-experimental-feature DebugDescriptionMacro -sdk /Applications/Xcode.app/Contents/Developer/Platforms/iPhoneOS.platform/Developer/SDKs/iPhoneOS26.5.sdk -target arm64-apple-ios13.0 -g -module-cache-path /Users/ravibyakod/Library/Developer/Xcode/DerivedData/ModuleCache.noindex -Xfrontend -serialize-debugging-options -suppress-warnings -swift-version 5 -I /Users/ravibyakod/Library/Developer/Xcode/DerivedData/Mishran-cpewykydwvjliqfdmdgxjcfypvkn/Build/Intermediates.noindex/ArchiveIntermediates/Mishran/BuildProductsPath/Release-iphoneos -Isystem /Applications/Xcode.app/Contents/Developer/Platforms/iPhoneOS.platform/Developer/usr/lib -F /Users/ravibyakod/Library/Developer/Xcode/DerivedData/Mishran-cpewykydwvjliqfdmdgxjcfypvkn/Build/Intermediates.noindex/ArchiveIntermediates/Mishran/BuildProductsPath/Release-iphoneos -F /Applications/Xcode.app/Contents/Developer/Platforms/iPhoneOS.platform/Developer/Library/Frameworks -F /Applications/Xcode.app/Contents/Developer/Platforms/iPhoneOS.platform/Developer/SDKs/iPhoneOS26.5.sdk/Developer/Library/Frameworks -parse-as-library -c -num-threads 12 -Xcc -ivfsstatcache -Xcc /Users/ravibyakod/Library/Developer/Xcode/DerivedData/SDKStatCaches.noindex/iphoneos26.5-23F81a-32daed1954a7d5dd0789fcaf2a9bb78b.sdkstatcache -output-file-map /Users/ravibyakod/Library/Developer/Xcode/DerivedData/Mishran-cpewykydwvjliqfdmdgxjcfypvkn/Build/Intermediates.noindex/ArchiveIntermediates/Mishran/IntermediateBuildFilesPath/RazorpayCheckout.build/Release-iphoneos/RazorpayCheckout.build/Objects-normal/arm64/RazorpayCheckout-OutputFileMap.json -use-frontend-parseable-output -save-temps -no-color-diagnostics -explicit-module-build -module-cache-path /Users/ravibyakod/Library/Developer/Xcode/DerivedData/Mishran-cpewykydwvjliqfdmdgxjcfypvkn/Build/Intermediates.noindex/ArchiveIntermediates/Mishran/IntermediateBuildFilesPath/SwiftExplicitPrecompiledModules -clang-scanner-module-cache-path /Users/ravibyakod/Library/Developer/Xcode/DerivedData/ModuleCache.noindex -sdk-module-cache-path /Users/ravibyakod/Library/Developer/Xcode/DerivedData/ModuleCache.noindex -serialize-diagnostics -emit-dependencies -emit-module -emit-module-path /Users/ravibyakod/Library/Developer/Xcode/DerivedData/Mishran-cpewykydwvjliqfdmdgxjcfypvkn/Build/Intermediates.noindex/ArchiveIntermediates/Mishran/IntermediateBuildFilesPath/RazorpayCheckout.build/Release-iphoneos/RazorpayCheckout.build/Objects-normal/arm64/RazorpayCheckout.swiftmodule -validate-clang-modules-once -clang-build-session-file /Users/ravibyakod/Library/Developer/Xcode/DerivedData/ModuleCache.noindex/Session.modulevalidation -package-name razorpay_pod -Xcc -I/Users/ravibyakod/Library/Developer/Xcode/DerivedData/Mishran-cpewykydwvjliqfdmdgxjcfypvkn/Build/Intermediates.noindex/ArchiveIntermediates/Mishran/IntermediateBuildFilesPath/RazorpayCheckout.build/Release-iphoneos/RazorpayCheckout.build/swift-overrides.hmap -emit-const-values -Xfrontend -const-gather-protocols-file -Xfrontend /Users/ravibyakod/Library/Developer/Xcode/DerivedData/Mishran-cpewykydwvjliqfdmdgxjcfypvkn/Build/Intermediates.noindex/ArchiveIntermediates/Mishran/IntermediateBuildFilesPath/RazorpayCheckout.build/Release-iphoneos/RazorpayCheckout.build/Objects-normal/arm64/RazorpayCheckout_const_extract_protocols.json -Xcc -I/Users/ravibyakod/Library/Developer/Xcode/DerivedData/Mishran-cpewykydwvjliqfdmdgxjcfypvkn/Build/Intermediates.noindex/ArchiveIntermediates/Mishran/BuildProductsPath/Release-iphoneos/include -Xcc -I/Users/ravibyakod/Library/Developer/Xcode/DerivedData/Mishran-cpewykydwvjliqfdmdgxjcfypvkn/Build/Intermediates.noindex/ArchiveIntermediates/Mishran/IntermediateBuildFilesPath/RazorpayCheckout.build/Release-iphoneos/RazorpayCheckout.build/DerivedSources-normal/arm64 -Xcc -I/Users/ravibyakod/Library/Developer/Xcode/DerivedData/Mishran-cpewykydwvjliqfdmdgxjcfypvkn/Build/Intermediates.noindex/ArchiveIntermediates/Mishran/IntermediateBuildFilesPath/RazorpayCheckout.build/Release-iphoneos/RazorpayCheckout.build/DerivedSources/arm64 -Xcc -I/Users/ravibyakod/Library/Developer/Xcode/DerivedData/Mishran-cpewykydwvjliqfdmdgxjcfypvkn/Build/Intermediates.noindex/ArchiveIntermediates/Mishran/IntermediateBuildFilesPath/RazorpayCheckout.build/Release-iphoneos/RazorpayCheckout.build/DerivedSources -Xcc -DSWIFT_PACKAGE -emit-objc-header -emit-objc-header-path /Users/ravibyakod/Library/Developer/Xcode/DerivedData/Mishran-cpewykydwvjliqfdmdgxjcfypvkn/Build/Intermediates.noindex/ArchiveIntermediates/Mishran/IntermediateBuildFilesPath/RazorpayCheckout.build/Release-iphoneos/RazorpayCheckout.build/Objects-normal/arm64/RazorpayCheckout-Swift.h -working-directory /Users/ravibyakod/WORK/mithai-shop/mithai-shop/apps/ios/Mishran.xcodeproj -no-emit-module-separately-wmo

SwiftDriver\ Compilation RazorpayCheckout normal arm64 com.apple.xcode.tools.swift.compiler (in target 'RazorpayCheckout' from project 'RazorpayCheckout')
    cd /Users/ravibyakod/WORK/mithai-shop/mithai-shop/apps/ios/Mishran.xcodeproj
    builtin-Swift-Compilation -- /Applications/Xcode.app/Contents/Developer/Toolchains/XcodeDefault.xctoolchain/usr/bin/swiftc -module-name RazorpayCheckout -O -whole-module-optimization @/Users/ravibyakod/Library/Developer/Xcode/DerivedData/Mishran-cpewykydwvjliqfdmdgxjcfypvkn/Build/Intermediates.noindex/ArchiveIntermediates/Mishran/IntermediateBuildFilesPath/RazorpayCheckout.build/Release-iphoneos/RazorpayCheckout.build/Objects-normal/arm64/RazorpayCheckout.SwiftFileList -DSWIFT_PACKAGE -DSWIFT_MODULE_RESOURCE_BUNDLE_UNAVAILABLE -DXcode -plugin-path /Applications/Xcode.app/Contents/Developer/Toolchains/XcodeDefault.xctoolchain/usr/lib/swift/host/plugins/testing -enable-experimental-feature DebugDescriptionMacro -sdk /Applications/Xcode.app/Contents/Developer/Platforms/iPhoneOS.platform/Developer/SDKs/iPhoneOS26.5.sdk -target arm64-apple-ios13.0 -g -module-cache-path /Users/ravibyakod/Library/Developer/Xcode/DerivedData/ModuleCache.noindex -Xfrontend -serialize-debugging-options -suppress-warnings -swift-version 5 -I /Users/ravibyakod/Library/Developer/Xcode/DerivedData/Mishran-cpewykydwvjliqfdmdgxjcfypvkn/Build/Intermediates.noindex/ArchiveIntermediates/Mishran/BuildProductsPath/Release-iphoneos -Isystem /Applications/Xcode.app/Contents/Developer/Platforms/iPhoneOS.platform/Developer/usr/lib -F /Users/ravibyakod/Library/Developer/Xcode/DerivedData/Mishran-cpewykydwvjliqfdmdgxjcfypvkn/Build/Intermediates.noindex/ArchiveIntermediates/Mishran/BuildProductsPath/Release-iphoneos -F /Applications/Xcode.app/Contents/Developer/Platforms/iPhoneOS.platform/Developer/Library/Frameworks -F /Applications/Xcode.app/Contents/Developer/Platforms/iPhoneOS.platform/Developer/SDKs/iPhoneOS26.5.sdk/Developer/Library/Frameworks -parse-as-library -c -num-threads 12 -Xcc -ivfsstatcache -Xcc /Users/ravibyakod/Library/Developer/Xcode/DerivedData/SDKStatCaches.noindex/iphoneos26.5-23F81a-32daed1954a7d5dd0789fcaf2a9bb78b.sdkstatcache -output-file-map /Users/ravibyakod/Library/Developer/Xcode/DerivedData/Mishran-cpewykydwvjliqfdmdgxjcfypvkn/Build/Intermediates.noindex/ArchiveIntermediates/Mishran/IntermediateBuildFilesPath/RazorpayCheckout.build/Release-iphoneos/RazorpayCheckout.build/Objects-normal/arm64/RazorpayCheckout-OutputFileMap.json -use-frontend-parseable-output -save-temps -no-color-diagnostics -explicit-module-build -module-cache-path /Users/ravibyakod/Library/Developer/Xcode/DerivedData/Mishran-cpewykydwvjliqfdmdgxjcfypvkn/Build/Intermediates.noindex/ArchiveIntermediates/Mishran/IntermediateBuildFilesPath/SwiftExplicitPrecompiledModules -clang-scanner-module-cache-path /Users/ravibyakod/Library/Developer/Xcode/DerivedData/ModuleCache.noindex -sdk-module-cache-path /Users/ravibyakod/Library/Developer/Xcode/DerivedData/ModuleCache.noindex -serialize-diagnostics -emit-dependencies -emit-module -emit-module-path /Users/ravibyakod/Library/Developer/Xcode/DerivedData/Mishran-cpewykydwvjliqfdmdgxjcfypvkn/Build/Intermediates.noindex/ArchiveIntermediates/Mishran/IntermediateBuildFilesPath/RazorpayCheckout.build/Release-iphoneos/RazorpayCheckout.build/Objects-normal/arm64/RazorpayCheckout.swiftmodule -validate-clang-modules-once -clang-build-session-file /Users/ravibyakod/Library/Developer/Xcode/DerivedData/ModuleCache.noindex/Session.modulevalidation -package-name razorpay_pod -Xcc -I/Users/ravibyakod/Library/Developer/Xcode/DerivedData/Mishran-cpewykydwvjliqfdmdgxjcfypvkn/Build/Intermediates.noindex/ArchiveIntermediates/Mishran/IntermediateBuildFilesPath/RazorpayCheckout.build/Release-iphoneos/RazorpayCheckout.build/swift-overrides.hmap -emit-const-values -Xfrontend -const-gather-protocols-file -Xfrontend /Users/ravibyakod/Library/Developer/Xcode/DerivedData/Mishran-cpewykydwvjliqfdmdgxjcfypvkn/Build/Intermediates.noindex/ArchiveIntermediates/Mishran/IntermediateBuildFilesPath/RazorpayCheckout.build/Release-iphoneos/RazorpayCheckout.build/Objects-normal/arm64/RazorpayCheckout_const_extract_protocols.json -Xcc -I/Users/ravibyakod/Library/Developer/Xcode/DerivedData/Mishran-cpewykydwvjliqfdmdgxjcfypvkn/Build/Intermediates.noindex/ArchiveIntermediates/Mishran/BuildProductsPath/Release-iphoneos/include -Xcc -I/Users/ravibyakod/Library/Developer/Xcode/DerivedData/Mishran-cpewykydwvjliqfdmdgxjcfypvkn/Build/Intermediates.noindex/ArchiveIntermediates/Mishran/IntermediateBuildFilesPath/RazorpayCheckout.build/Release-iphoneos/RazorpayCheckout.build/DerivedSources-normal/arm64 -Xcc -I/Users/ravibyakod/Library/Developer/Xcode/DerivedData/Mishran-cpewykydwvjliqfdmdgxjcfypvkn/Build/Intermediates.noindex/ArchiveIntermediates/Mishran/IntermediateBuildFilesPath/RazorpayCheckout.build/Release-iphoneos/RazorpayCheckout.build/DerivedSources/arm64 -Xcc -I/Users/ravibyakod/Library/Developer/Xcode/DerivedData/Mishran-cpewykydwvjliqfdmdgxjcfypvkn/Build/Intermediates.noindex/ArchiveIntermediates/Mishran/IntermediateBuildFilesPath/RazorpayCheckout.build/Release-iphoneos/RazorpayCheckout.build/DerivedSources -Xcc -DSWIFT_PACKAGE -emit-objc-header -emit-objc-header-path /Users/ravibyakod/Library/Developer/Xcode/DerivedData/Mishran-cpewykydwvjliqfdmdgxjcfypvkn/Build/Intermediates.noindex/ArchiveIntermediates/Mishran/IntermediateBuildFilesPath/RazorpayCheckout.build/Release-iphoneos/RazorpayCheckout.build/Objects-normal/arm64/RazorpayCheckout-Swift.h -working-directory /Users/ravibyakod/WORK/mithai-shop/mithai-shop/apps/ios/Mishran.xcodeproj -no-emit-module-separately-wmo

SwiftExplicitDependencyGeneratePcm arm64 /Users/ravibyakod/Library/Developer/Xcode/DerivedData/Mishran-cpewykydwvjliqfdmdgxjcfypvkn/Build/Intermediates.noindex/ArchiveIntermediates/Mishran/IntermediateBuildFilesPath/SwiftExplicitPrecompiledModules/Razorpay-E261Z9GT4OB1029DUPC04N8KY.pcm

SwiftExplicitDependencyGeneratePcm arm64 /Users/ravibyakod/Library/Developer/Xcode/DerivedData/Mishran-cpewykydwvjliqfdmdgxjcfypvkn/Build/Intermediates.noindex/ArchiveIntermediates/Mishran/IntermediateBuildFilesPath/SwiftExplicitPrecompiledModules/RazorpayCore-JKH1G94MA4LHU27XGYHT98TS.pcm

SwiftDriver\ Compilation MishranWidgets normal arm64 com.apple.xcode.tools.swift.compiler (in target 'MishranWidgets' from project 'Mishran')
    cd /Users/ravibyakod/WORK/mithai-shop/mithai-shop/apps/ios
    builtin-Swift-Compilation -- /Applications/Xcode.app/Contents/Developer/Toolchains/XcodeDefault.xctoolchain/usr/bin/swiftc -module-name MishranWidgets -O -whole-module-optimization @/Users/ravibyakod/Library/Developer/Xcode/DerivedData/Mishran-cpewykydwvjliqfdmdgxjcfypvkn/Build/Intermediates.noindex/ArchiveIntermediates/Mishran/IntermediateBuildFilesPath/Mishran.build/Release-iphoneos/MishranWidgets.build/Objects-normal/arm64/MishranWidgets.SwiftFileList -enable-bare-slash-regex -enable-experimental-feature DebugDescriptionMacro -sdk /Applications/Xcode.app/Contents/Developer/Platforms/iPhoneOS.platform/Developer/SDKs/iPhoneOS26.5.sdk -target arm64-apple-ios17.0 -g -module-cache-path /Users/ravibyakod/Library/Developer/Xcode/DerivedData/ModuleCache.noindex -Xfrontend -serialize-debugging-options -application-extension -swift-version 5 -I /Users/ravibyakod/Library/Developer/Xcode/DerivedData/Mishran-cpewykydwvjliqfdmdgxjcfypvkn/Build/Intermediates.noindex/ArchiveIntermediates/Mishran/BuildProductsPath/Release-iphoneos -F /Users/ravibyakod/Library/Developer/Xcode/DerivedData/Mishran-cpewykydwvjliqfdmdgxjcfypvkn/Build/Intermediates.noindex/ArchiveIntermediates/Mishran/BuildProductsPath/Release-iphoneos -c -num-threads 12 -Xcc -ivfsstatcache -Xcc /Users/ravibyakod/Library/Developer/Xcode/DerivedData/SDKStatCaches.noindex/iphoneos26.5-23F81a-32daed1954a7d5dd0789fcaf2a9bb78b.sdkstatcache -output-file-map /Users/ravibyakod/Library/Developer/Xcode/DerivedData/Mishran-cpewykydwvjliqfdmdgxjcfypvkn/Build/Intermediates.noindex/ArchiveIntermediates/Mishran/IntermediateBuildFilesPath/Mishran.build/Release-iphoneos/MishranWidgets.build/Objects-normal/arm64/MishranWidgets-OutputFileMap.json -use-frontend-parseable-output -save-temps -no-color-diagnostics -explicit-module-build -module-cache-path /Users/ravibyakod/Library/Developer/Xcode/DerivedData/Mishran-cpewykydwvjliqfdmdgxjcfypvkn/Build/Intermediates.noindex/ArchiveIntermediates/Mishran/IntermediateBuildFilesPath/SwiftExplicitPrecompiledModules -clang-scanner-module-cache-path /Users/ravibyakod/Library/Developer/Xcode/DerivedData/ModuleCache.noindex -sdk-module-cache-path /Users/ravibyakod/Library/Developer/Xcode/DerivedData/ModuleCache.noindex -serialize-diagnostics -emit-dependencies -emit-module -emit-module-path /Users/ravibyakod/Library/Developer/Xcode/DerivedData/Mishran-cpewykydwvjliqfdmdgxjcfypvkn/Build/Intermediates.noindex/ArchiveIntermediates/Mishran/IntermediateBuildFilesPath/Mishran.build/Release-iphoneos/MishranWidgets.build/Objects-normal/arm64/MishranWidgets.swiftmodule -validate-clang-modules-once -clang-build-session-file /Users/ravibyakod/Library/Developer/Xcode/DerivedData/ModuleCache.noindex/Session.modulevalidation -Xcc -I/Users/ravibyakod/Library/Developer/Xcode/DerivedData/Mishran-cpewykydwvjliqfdmdgxjcfypvkn/Build/Intermediates.noindex/ArchiveIntermediates/Mishran/IntermediateBuildFilesPath/Mishran.build/Release-iphoneos/MishranWidgets.build/swift-overrides.hmap -emit-const-values -Xfrontend -const-gather-protocols-file -Xfrontend /Users/ravibyakod/Library/Developer/Xcode/DerivedData/Mishran-cpewykydwvjliqfdmdgxjcfypvkn/Build/Intermediates.noindex/ArchiveIntermediates/Mishran/IntermediateBuildFilesPath/Mishran.build/Release-iphoneos/MishranWidgets.build/Objects-normal/arm64/MishranWidgets_const_extract_protocols.json -Xcc -iquote -Xcc /Users/ravibyakod/Library/Developer/Xcode/DerivedData/Mishran-cpewykydwvjliqfdmdgxjcfypvkn/Build/Intermediates.noindex/ArchiveIntermediates/Mishran/IntermediateBuildFilesPath/Mishran.build/Release-iphoneos/MishranWidgets.build/MishranWidgets-generated-files.hmap -Xcc -I/Users/ravibyakod/Library/Developer/Xcode/DerivedData/Mishran-cpewykydwvjliqfdmdgxjcfypvkn/Build/Intermediates.noindex/ArchiveIntermediates/Mishran/IntermediateBuildFilesPath/Mishran.build/Release-iphoneos/MishranWidgets.build/MishranWidgets-own-target-headers.hmap -Xcc -I/Users/ravibyakod/Library/Developer/Xcode/DerivedData/Mishran-cpewykydwvjliqfdmdgxjcfypvkn/Build/Intermediates.noindex/ArchiveIntermediates/Mishran/IntermediateBuildFilesPath/Mishran.build/Release-iphoneos/MishranWidgets.build/MishranWidgets-all-non-framework-target-headers.hmap -Xcc -ivfsoverlay -Xcc /Users/ravibyakod/Library/Developer/Xcode/DerivedData/Mishran-cpewykydwvjliqfdmdgxjcfypvkn/Build/Intermediates.noindex/ArchiveIntermediates/Mishran/IntermediateBuildFilesPath/Mishran.build/Release-iphoneos/Mishran-d5faa9f63ed182102bbc449ae56a9586-VFS-iphoneos/all-product-headers.yaml -Xcc -iquote -Xcc /Users/ravibyakod/Library/Developer/Xcode/DerivedData/Mishran-cpewykydwvjliqfdmdgxjcfypvkn/Build/Intermediates.noindex/ArchiveIntermediates/Mishran/IntermediateBuildFilesPath/Mishran.build/Release-iphoneos/MishranWidgets.build/MishranWidgets-project-headers.hmap -Xcc -I/Users/ravibyakod/Library/Developer/Xcode/DerivedData/Mishran-cpewykydwvjliqfdmdgxjcfypvkn/Build/Intermediates.noindex/ArchiveIntermediates/Mishran/BuildProductsPath/Release-iphoneos/include -Xcc -I/Users/ravibyakod/Library/Developer/Xcode/DerivedData/Mishran-cpewykydwvjliqfdmdgxjcfypvkn/Build/Intermediates.noindex/ArchiveIntermediates/Mishran/IntermediateBuildFilesPath/Mishran.build/Release-iphoneos/MishranWidgets.build/DerivedSources-normal/arm64 -Xcc -I/Users/ravibyakod/Library/Developer/Xcode/DerivedData/Mishran-cpewykydwvjliqfdmdgxjcfypvkn/Build/Intermediates.noindex/ArchiveIntermediates/Mishran/IntermediateBuildFilesPath/Mishran.build/Release-iphoneos/MishranWidgets.build/DerivedSources/arm64 -Xcc -I/Users/ravibyakod/Library/Developer/Xcode/DerivedData/Mishran-cpewykydwvjliqfdmdgxjcfypvkn/Build/Intermediates.noindex/ArchiveIntermediates/Mishran/IntermediateBuildFilesPath/Mishran.build/Release-iphoneos/MishranWidgets.build/DerivedSources -emit-objc-header -emit-objc-header-path /Users/ravibyakod/Library/Developer/Xcode/DerivedData/Mishran-cpewykydwvjliqfdmdgxjcfypvkn/Build/Intermediates.noindex/ArchiveIntermediates/Mishran/IntermediateBuildFilesPath/Mishran.build/Release-iphoneos/MishranWidgets.build/Objects-normal/arm64/MishranWidgets-Swift.h -working-directory /Users/ravibyakod/WORK/mithai-shop/mithai-shop/apps/ios -no-emit-module-separately-wmo

SwiftCompile normal arm64 Compiling\ DeliveryActivity.swift,\ DeliveryAttributes.swift,\ Localization.swift,\ MishranTokens.swift /Users/ravibyakod/WORK/mithai-shop/mithai-shop/apps/ios/Mishran/LiveActivity/DeliveryActivity.swift /Users/ravibyakod/WORK/mithai-shop/mithai-shop/apps/ios/Mishran/LiveActivity/DeliveryAttributes.swift /Users/ravibyakod/WORK/mithai-shop/mithai-shop/apps/ios/Mishran/Support/Localization.swift /Users/ravibyakod/WORK/mithai-shop/mithai-shop/packages/brand-tokens/generated/swift/MishranTokens.swift /Applications/Xcode.app/Contents/Developer/Toolchains/XcodeDefault.xctoolchain/usr/lib/swift/iphoneos/prebuilt-modules/26.5/System.swiftmodule/arm64e-apple-ios.swiftmodule /Applications/Xcode.app/Contents/Developer/Toolchains/XcodeDefault.xctoolchain/usr/lib/swift/iphoneos/prebuilt-modules/26.5/CoreSpotlight.swiftmodule/arm64e-apple-ios.swiftmodule /Applications/Xcode.app/Contents/Developer/Toolchains/XcodeDefault.xctoolchain/usr/lib/swift/iphoneos/prebuilt-modules/26.5/LightweightCodeRequirements.swiftmodule/arm64e-apple-ios.swiftmodule /Applications/Xcode.app/Contents/Developer/Toolchains/XcodeDefault.xctoolchain/usr/lib/swift/iphoneos/prebuilt-modules/26.5/ObjectiveC.swiftmodule/arm64e-apple-ios.swiftmodule /Applications/Xcode.app/Contents/Developer/Toolchains/XcodeDefault.xctoolchain/usr/lib/swift/iphoneos/prebuilt-modules/26.5/CoreImage.swiftmodule/arm64e-apple-ios.swiftmodule /Applications/Xcode.app/Contents/Developer/Toolchains/XcodeDefault.xctoolchain/usr/lib/swift/iphoneos/prebuilt-modules/26.5/Distributed.swiftmodule/arm64e-apple-ios.swiftmodule /Applications/Xcode.app/Contents/Developer/Toolchains/XcodeDefault.xctoolchain/usr/lib/swift/iphoneos/prebuilt-modules/26.5/Dispatch.swiftmodule/arm64e-apple-ios.swiftmodule /Applications/Xcode.app/Contents/Developer/Toolchains/XcodeDefault.xctoolchain/usr/lib/swift/iphoneos/prebuilt-modules/26.5/UniformTypeIdentifiers.swiftmodule/arm64e-apple-ios.swiftmodule /Applications/Xcode.app/Contents/Developer/Toolchains/XcodeDefault.xctoolchain/usr/lib/swift/iphoneos/prebuilt-modules/26.5/Symbols.swiftmodule/arm64e-apple-ios.swiftmodule /Applications/Xcode.app/Contents/Developer/Toolchains/XcodeDefault.xctoolchain/usr/lib/swift/iphoneos/prebuilt-modules/26.5/XPC.swiftmodule/arm64e-apple-ios.swiftmodule /Applications/Xcode.app/Contents/Developer/Toolchains/XcodeDefault.xctoolchain/usr/lib/swift/iphoneos/prebuilt-modules/26.5/WidgetKit.swiftmodule/arm64e-apple-ios.swiftmodule /Applications/Xcode.app/Contents/Developer/Toolchains/XcodeDefault.xctoolchain/usr/lib/swift/iphoneos/prebuilt-modules/26.5/DeveloperToolsSupport.swiftmodule/arm64e-apple-ios.swiftmodule /Applications/Xcode.app/Contents/Developer/Toolchains/XcodeDefault.xctoolchain/usr/lib/swift/iphoneos/prebuilt-modules/26.5/CoreLocation.swiftmodule/arm64e-apple-ios.swiftmodule /Applications/Xcode.app/Contents/Developer/Toolchains/XcodeDefault.xctoolchain/usr/lib/swift/iphoneos/prebuilt-modules/26.5/RelevanceKit.swiftmodule/arm64e-apple-ios.swiftmodule /Applications/Xcode.app/Contents/Developer/Toolchains/XcodeDefault.xctoolchain/usr/lib/swift/iphoneos/prebuilt-modules/26.5/Darwin.swiftmodule/arm64e-apple-ios.swiftmodule /Applications/Xcode.app/Contents/Developer/Toolchains/XcodeDefault.xctoolchain/usr/lib/swift/iphoneos/prebuilt-modules/26.5/CoreVideo.swiftmodule/arm64e-apple-ios.swiftmodule /Applications/Xcode.app/Contents/Developer/Toolchains/XcodeDefault.xctoolchain/usr/lib/swift/iphoneos/prebuilt-modules/26.5/_Concurrency.swiftmodule/arm64e-apple-ios.swiftmodule /Applications/Xcode.app/Contents/Developer/Toolchains/XcodeDefault.xctoolchain/usr/lib/swift/iphoneos/prebuilt-modules/26.5/simd.swiftmodule/arm64e-apple-ios.swiftmodule /Applications/Xcode.app/Contents/Developer/Toolchains/XcodeDefault.xctoolchain/usr/lib/swift/iphoneos/prebuilt-modules/26.5/_StringProcessing.swiftmodule/arm64e-apple-ios.swiftmodule /Applications/Xcode.app/Contents/Developer/Toolchains/XcodeDefault.xctoolchain/usr/lib/swift/iphoneos/prebuilt-modules/26.5/Observation.swiftmodule/arm64e-apple-ios.swiftmodule /Applications/Xcode.app/Contents/Developer/Toolchains/XcodeDefault.xctoolchain/usr/lib/swift/iphoneos/prebuilt-modules/26.5/Accessibility.swiftmodule/arm64e-apple-ios.swiftmodule /Applications/Xcode.app/Contents/Developer/Toolchains/XcodeDefault.xctoolchain/usr/lib/swift/iphoneos/prebuilt-modules/26.5/Network.swiftmodule/arm64e-apple-ios.swiftmodule /Applications/Xcode.app/Contents/Developer/Toolchains/XcodeDefault.xctoolchain/usr/lib/swift/iphoneos/prebuilt-modules/26.5/CoreTransferable.swiftmodule/arm64e-apple-ios.swiftmodule /Applications/Xcode.app/Contents/Developer/Toolchains/XcodeDefault.xctoolchain/usr/lib/swift/iphoneos/prebuilt-modules/26.5/_Builtin_float.swiftmodule/arm64e-apple-ios.swiftmodule /Applications/Xcode.app/Contents/Developer/Toolchains/XcodeDefault.xctoolchain/usr/lib/swift/iphoneos/prebuilt-modules/26.5/CoreData.swiftmodule/arm64e-apple-ios.swiftmodule /Applications/Xcode.app/Contents/Developer/Toolchains/XcodeDefault.xctoolchain/usr/lib/swift/iphoneos/prebuilt-modules/26.5/AppIntents.swiftmodule/arm64e-apple-ios.swiftmodule /Applications/Xcode.app/Contents/Developer/Toolchains/XcodeDefault.xctoolchain/usr/lib/swift/iphoneos/prebuilt-modules/26.5/QuartzCore.swiftmodule/arm64e-apple-ios.swiftmodule /Applications/Xcode.app/Contents/Developer/Toolchains/XcodeDefault.xctoolchain/usr/lib/swift/iphoneos/prebuilt-modules/26.5/FileProvider.swiftmodule/arm64e-apple-ios.swiftmodule /Applications/Xcode.app/Contents/Developer/Toolchains/XcodeDefault.xctoolchain/usr/lib/swift/iphoneos/prebuilt-modules/26.5/Foundation.swiftmodule/arm64e-apple-ios.swiftmodule /Applications/Xcode.app/Contents/Developer/Toolchains/XcodeDefault.xctoolchain/usr/lib/swift/iphoneos/prebuilt-modules/26.5/Combine.swiftmodule/arm64e-apple-ios.swiftmodule /Applications/Xcode.app/Contents/Developer/Toolchains/XcodeDefault.xctoolchain/usr/lib/swift/iphoneos/prebuilt-modules/26.5/Swift.swiftmodule/arm64e-apple-ios.swiftmodule /Applications/Xcode.app/Contents/Developer/Toolchains/XcodeDefault.xctoolchain/usr/lib/swift/iphoneos/prebuilt-modules/26.5/CoreFoundation.swiftmodule/arm64e-apple-ios.swiftmodule /Applications/Xcode.app/Contents/Developer/Toolchains/XcodeDefault.xctoolchain/usr/lib/swift/iphoneos/prebuilt-modules/26.5/_DarwinFoundation3.swiftmodule/arm64e-apple-ios.swiftmodule /Applications/Xcode.app/Contents/Developer/Toolchains/XcodeDefault.xctoolchain/usr/lib/swift/iphoneos/prebuilt-modules/26.5/os.swiftmodule/arm64e-apple-ios.swiftmodule /Applications/Xcode.app/Contents/Developer/Toolchains/XcodeDefault.xctoolchain/usr/lib/swift/iphoneos/prebuilt-modules/26.5/ExtensionFoundation.swiftmodule/arm64e-apple-ios.swiftmodule /Applications/Xcode.app/Contents/Developer/Toolchains/XcodeDefault.xctoolchain/usr/lib/swift/iphoneos/prebuilt-modules/26.5/CoreGraphics.swiftmodule/arm64e-apple-ios.swiftmodule /Applications/Xcode.app/Contents/Developer/Toolchains/XcodeDefault.xctoolchain/usr/lib/swift/iphoneos/prebuilt-modules/26.5/DataDetection.swiftmodule/arm64e-apple-ios.swiftmodule /Applications/Xcode.app/Contents/Developer/Toolchains/XcodeDefault.xctoolchain/usr/lib/swift/iphoneos/prebuilt-modules/26.5/OSLog.swiftmodule/arm64e-apple-ios.swiftmodule /Applications/Xcode.app/Contents/Developer/Toolchains/XcodeDefault.xctoolchain/usr/lib/swift/iphoneos/prebuilt-modules/26.5/Metal.swiftmodule/arm64e-apple-ios.swiftmodule /Applications/Xcode.app/Contents/Developer/Toolchains/XcodeDefault.xctoolchain/usr/lib/swift/iphoneos/prebuilt-modules/26.5/Intents.swiftmodule/arm64e-apple-ios.swiftmodule /Applications/Xcode.app/Contents/Developer/Toolchains/XcodeDefault.xctoolchain/usr/lib/swift/iphoneos/prebuilt-modules/26.5/UIKit.swiftmodule/arm64e-apple-ios.swiftmodule /Applications/Xcode.app/Contents/Developer/Toolchains/XcodeDefault.xctoolchain/usr/lib/swift/iphoneos/prebuilt-modules/26.5/Spatial.swiftmodule/arm64e-apple-ios.swiftmodule /Applications/Xcode.app/Contents/Developer/Toolchains/XcodeDefault.xctoolchain/usr/lib/swift/iphoneos/prebuilt-modules/26.5/_AppIntents_SwiftUI.swiftmodule/arm64e-apple-ios.swiftmodule /Applications/Xcode.app/Contents/Developer/Toolchains/XcodeDefault.xctoolchain/usr/lib/swift/iphoneos/prebuilt-modules/26.5/SwiftUI.swiftmodule/arm64e-apple-ios.swiftmodule /Applications/Xcode.app/Contents/Developer/Toolchains/XcodeDefault.xctoolchain/usr/lib/swift/iphoneos/prebuilt-modules/26.5/ActivityKit.swiftmodule/arm64e-apple-ios.swiftmodule /Applications/Xcode.app/Contents/Developer/Toolchains/XcodeDefault.xctoolchain/usr/lib/swift/iphoneos/prebuilt-modules/26.5/_DarwinFoundation2.swiftmodule/arm64e-apple-ios.swiftmodule /Applications/Xcode.app/Contents/Developer/Toolchains/XcodeDefault.xctoolchain/usr/lib/swift/iphoneos/prebuilt-modules/26.5/CoreText.swiftmodule/arm64e-apple-ios.swiftmodule /Applications/Xcode.app/Contents/Developer/Toolchains/XcodeDefault.xctoolchain/usr/lib/swift/iphoneos/prebuilt-modules/26.5/_DarwinFoundation1.swiftmodule/arm64e-apple-ios.swiftmodule /Applications/Xcode.app/Contents/Developer/Toolchains/XcodeDefault.xctoolchain/usr/lib/swift/iphoneos/prebuilt-modules/26.5/SwiftUICore.swiftmodule/arm64e-apple-ios.swiftmodule /Users/ravibyakod/Library/Developer/Xcode/DerivedData/ModuleCache.noindex/FileProvider-5ZJOCPTXLSGH3R1Z3V01WZN75.pcm /Users/ravibyakod/Library/Developer/Xcode/DerivedData/ModuleCache.noindex/CoreImage-2HPFQQUY833WMXEYM5V680H5B.pcm /Users/ravibyakod/Library/Developer/Xcode/DerivedData/ModuleCache.noindex/CoreSpotlight-45WIJKJN6YHARPGT2WMD6F0EQ.pcm /Users/ravibyakod/Library/Developer/Xcode/DerivedData/ModuleCache.noindex/Dispatch-AT74V6MAD20EYVF1WYJH04IMR.pcm /Users/ravibyakod/Library/Developer/Xcode/DerivedData/ModuleCache.noindex/Spatial-C32XLLIMK94WUGYFJOB6M56PF.pcm /Users/ravibyakod/Library/Developer/Xcode/DerivedData/ModuleCache.noindex/_Builtin_limits-BRVR8PZY8FCOL2K9QTFBOO4KX.pcm /Users/ravibyakod/Library/Developer/Xcode/DerivedData/ModuleCache.noindex/_Builtin_intrinsics-E5612K23L37DAOUX213FIKQHC.pcm /Users/ravibyakod/Library/Developer/Xcode/DerivedData/ModuleCache.noindex/IOSurface-1ZADSLP0CVU9C8QO0C9A2IMFL.pcm /Users/ravibyakod/Library/Developer/Xcode/DerivedData/ModuleCache.noindex/MachO-AV4H7ADPBKVRFVNEOZDZ0419S.pcm /Users/ravibyakod/Library/Developer/Xcode/DerivedData/ModuleCache.noindex/WidgetKit-6SGXRLZRFZGG123P6BP0D83U9.pcm /Users/ravibyakod/Library/Developer/Xcode/DerivedData/ModuleCache.noindex/_Builtin_inttypes-BCU2K5TJ99N6ODY4OSORMLOFN.pcm /Users/ravibyakod/Library/Developer/Xcode/DerivedData/ModuleCache.noindex/_AvailabilityInternal-9C30K3K5TSIW2ARIZU4LV7HR2.pcm /Users/ravibyakod/Library/Developer/Xcode/DerivedData/ModuleCache.noindex/SwiftUICore-BO8781VT737NQGQSPWZD2PD2S.pcm /Users/ravibyakod/Library/Developer/Xcode/DerivedData/ModuleCache.noindex/_Builtin_stdarg-Y6R6RR64OWWDFTM99GQKHLPX.pcm /Users/ravibyakod/Library/Developer/Xcode/DerivedData/ModuleCache.noindex/CFNetwork-F4SMOZVRRPHP5IYQLQPVBYEIJ.pcm /Users/ravibyakod/Library/Developer/Xcode/DerivedData/ModuleCache.noindex/UserNotifications-4DT6HVG0ZLM25H2FXAH3KXWW0.pcm /Users/ravibyakod/Library/Developer/Xcode/DerivedData/ModuleCache.noindex/RelevanceKit-B2D7N8SSX7UJ6S4NMIQAFDH32.pcm /Users/ravibyakod/Library/Developer/Xcode/DerivedData/ModuleCache.noindex/_DarwinFoundation3-AI4HY5JDGL25GRD3I6VWPP0QD.pcm /Users/ravibyakod/Library/Developer/Xcode/DerivedData/ModuleCache.noindex/UIUtilities-2C0J1G24Z7PB9SHPSR2TDNF00.pcm /Users/ravibyakod/Library/Developer/Xcode/DerivedData/ModuleCache.noindex/_DarwinFoundation1-BH62GZX8V5J7YF1MPXAW2G3IP.pcm /Users/ravibyakod/Library/Developer/Xcode/DerivedData/ModuleCache.noindex/dnssd-AT3RGFE1HU76VF9WQ8F83FEQL.pcm /Users/ravibyakod/Library/Developer/Xcode/DerivedData/ModuleCache.noindex/sys_types-3VIHLYXMZ567CA34LS7ZXI1V.pcm /Users/ravibyakod/Library/Developer/Xcode/DerivedData/ModuleCache.noindex/ActivityKit-ECT3YXHFWE9DEFAZ3HQ27U2UV.pcm /Users/ravibyakod/Library/Developer/Xcode/DerivedData/ModuleCache.noindex/Intents-19WLOHV2OX123L2QYN1XHVHO2.pcm /Users/ravibyakod/Library/Developer/Xcode/DerivedData/ModuleCache.noindex/_Builtin_stdint-EKW7MUSRUPSMMETQ0K3TAHTHD.pcm /Users/ravibyakod/Library/Developer/Xcode/DerivedData/ModuleCache.noindex/_Builtin_stdbool-EJT8G2EDAXQCQL0QSPXI78MBO.pcm /Users/ravibyakod/Library/Developer/Xcode/DerivedData/ModuleCache.noindex/OpenGLES-7IOYF30MC5Z30MWEC8ESCSVK5.pcm /Users/ravibyakod/Library/Developer/Xcode/DerivedData/ModuleCache.noindex/Metal-8USDVQJ0DYF0RVWIHUEQ4SKGG.pcm /Users/ravibyakod/Library/Developer/Xcode/DerivedData/ModuleCache.noindex/ptrcheck-A693RV3SGZQ8FFR12IZZWEG4M.pcm /Users/ravibyakod/Library/Developer/Xcode/DerivedData/ModuleCache.noindex/CoreData-2G78WMSQ26354Q9PBJSX8SOY1.pcm /Users/ravibyakod/Library/Developer/Xcode/DerivedData/ModuleCache.noindex/Network-4GP2CRL2RAF59LJJXRPUQFP6B.pcm /Users/ravibyakod/Library/Developer/Xcode/DerivedData/ModuleCache.noindex/SwiftShims-5VL7FX8FPZBGPGTL8703IA3UV.pcm /Users/ravibyakod/Library/Developer/Xcode/DerivedData/ModuleCache.noindex/CoreVideo-7UVM5M37M9S3A5RUJ5R07K8OF.pcm /Users/ravibyakod/Library/Developer/Xcode/DerivedData/ModuleCache.noindex/_Builtin_tgmath-8IFLLULW7PIYUI7WCAAWQ2SLV.pcm /Users/ravibyakod/Library/Developer/Xcode/DerivedData/ModuleCache.noindex/ptrauth-1WAR9HAYWCGWE098ZABJ0FT1A.pcm /Users/ravibyakod/Library/Developer/Xcode/DerivedData/ModuleCache.noindex/_Builtin_stdatomic-ASQACP0CXZGQKRJKIZ4E2OT7X.pcm /Users/ravibyakod/Library/Developer/Xcode/DerivedData/ModuleCache.noindex/XPC-4847DJSNYMKH0USPPDIITL6O2.pcm /Users/ravibyakod/Library/Developer/Xcode/DerivedData/ModuleCache.noindex/DataDetection-97C1V331SVGVH0RXV7PKX2WQ2.pcm /Users/ravibyakod/Library/Developer/Xcode/DerivedData/ModuleCache.noindex/AppIntents-54ESMQY7YR7NTLBDUJP9BIIZS.pcm /Users/ravibyakod/Library/Developer/Xcode/DerivedData/ModuleCache.noindex/Darwin-2QNS0YFM3GD8KLGOP9QLNPAQZ.pcm /Users/ravibyakod/Library/Developer/Xcode/DerivedData/ModuleCache.noindex/_Builtin_float-7NLKP164JRQ9EL2KSQH1F3MEG.pcm /Users/ravibyakod/Library/Developer/Xcode/DerivedData/ModuleCache.noindex/os_workgroup-EB6LRBSK81A8BEGVAQXCJ7MS2.pcm /Users/ravibyakod/Library/Developer/Xcode/DerivedData/ModuleCache.noindex/os_object-6JES08G5QRKMZLZ0PULZWSJ6S.pcm /Users/ravibyakod/Library/Developer/Xcode/DerivedData/ModuleCache.noindex/Security-8IGPRHOJD5X19WJ1N7A4TROUF.pcm /Users/ravibyakod/Library/Developer/Xcode/DerivedData/ModuleCache.noindex/_LocationEssentials-EY3Y0XUFTGN4B8ZSEIH2O3RQN.pcm /Users/ravibyakod/Library/Developer/Xcode/DerivedData/ModuleCache.noindex/CoreText-A4D448RLJD9MUOI5MGKCHD5NR.pcm /Users/ravibyakod/Library/Developer/Xcode/DerivedData/ModuleCache.noindex/SwiftUI-4AC85SZUNCSK9816BTNCVAY9Y.pcm /Users/ravibyakod/Library/Developer/Xcode/DerivedData/ModuleCache.noindex/ExtensionFoundation-32ED113RLJ98H6NQ03XBN7IQ1.pcm /Users/ravibyakod/Library/Developer/Xcode/DerivedData/ModuleCache.noindex/os-UZP8XO96ZYQZBVWUMM0N7DXE.pcm /Users/ravibyakod/Library/Developer/Xcode/DerivedData/ModuleCache.noindex/Symbols-EZ9OMB35ARK1A0U8M9GLN1JAA.pcm /Users/ravibyakod/Library/Developer/Xcode/DerivedData/ModuleCache.noindex/UniformTypeIdentifiers-380FMPU9TUXMVHOU61IYTDD8F.pcm /Users/ravibyakod/Library/Developer/Xcode/DerivedData/ModuleCache.noindex/QuartzCore-AQEBJS4FP57I4MSZXQRJISNNS.pcm /Users/ravibyakod/Library/Developer/Xcode/DerivedData/ModuleCache.noindex/_Builtin_stddef-6MSRLOEZF5WPZ1UDKZTA3E2CK.pcm /Users/ravibyakod/Library/Developer/Xcode/DerivedData/ModuleCache.noindex/CoreGraphics-6P9U4TRLMYBY9S04ZD53OER30.pcm /Users/ravibyakod/Library/Developer/Xcode/DerivedData/ModuleCache.noindex/OSLog-8Z8BU1AGUIQ8UD3AUHYQRM016.pcm /Users/ravibyakod/Library/Developer/Xcode/DerivedData/ModuleCache.noindex/_DarwinFoundation2-3KNTNLWMOFGP416BO5ZWXZCU2.pcm /Users/ravibyakod/Library/Developer/Xcode/DerivedData/ModuleCache.noindex/ImageIO-8SR6850Y6RA6715PMZXGJ6BMU.pcm /Users/ravibyakod/Library/Developer/Xcode/DerivedData/ModuleCache.noindex/CoreTransferable-C0G50V12AVSQKKUCB87FN8A6K.pcm /Users/ravibyakod/Library/Developer/Xcode/DerivedData/ModuleCache.noindex/simd-6TBEY73UDSULDE31W1TXIZ8SB.pcm /Users/ravibyakod/Library/Developer/Xcode/DerivedData/ModuleCache.noindex/CoreFoundation-276RSFPZJU9QFBDNSS24N1AST.pcm /Users/ravibyakod/Library/Developer/Xcode/DerivedData/ModuleCache.noindex/_SwiftConcurrencyShims-8YY2HV7YE0K2FGA66C95DWBVC.pcm /Users/ravibyakod/Library/Developer/Xcode/DerivedData/ModuleCache.noindex/Accessibility-103I0RQQ9AXONN254FFZ2S0SO.pcm /Users/ravibyakod/Library/Developer/Xcode/DerivedData/ModuleCache.noindex/CoreLocation-5968EJLZCBLCHS78WURZ61YZX.pcm /Users/ravibyakod/Library/Developer/Xcode/DerivedData/ModuleCache.noindex/ObjectiveC-5NUPHW09F2QG05WQ6COO8BSAW.pcm /Users/ravibyakod/Library/Developer/Xcode/DerivedData/ModuleCache.noindex/DeveloperToolsSupport-D8FGISC3PSH8DSOSRKW3DMPZL.pcm /Users/ravibyakod/Library/Developer/Xcode/DerivedData/ModuleCache.noindex/Foundation-EA9BSSF18IL05IBNX59RDHVTD.pcm /Users/ravibyakod/Library/Developer/Xcode/DerivedData/ModuleCache.noindex/UIKit-5FFI17OVM35VM3CP3WV4IITMO.pcm /Users/ravibyakod/Library/Developer/Xcode/DerivedData/Mishran-cpewykydwvjliqfdmdgxjcfypvkn/Build/Intermediates.noindex/ArchiveIntermediates/Mishran/IntermediateBuildFilesPath/Mishran.build/Release-iphoneos/MishranWidgets.build/Objects-normal/arm64/MishranWidgets-dependencies-1.json (in target 'MishranWidgets' from project 'Mishran')
CompileSwift normal arm64 (in target 'MishranWidgets' from project 'Mishran')
    cd /Users/ravibyakod/WORK/mithai-shop/mithai-shop/apps/ios
    

SwiftExplicitDependencyCompileModuleFromInterface arm64 /Users/ravibyakod/Library/Developer/Xcode/DerivedData/Mishran-cpewykydwvjliqfdmdgxjcfypvkn/Build/Intermediates.noindex/ArchiveIntermediates/Mishran/IntermediateBuildFilesPath/SwiftExplicitPrecompiledModules/RazorpayCore-2W4I5OY3GVDUI.swiftmodule

SwiftExplicitDependencyCompileModuleFromInterface arm64 /Users/ravibyakod/Library/Developer/Xcode/DerivedData/Mishran-cpewykydwvjliqfdmdgxjcfypvkn/Build/Intermediates.noindex/ArchiveIntermediates/Mishran/IntermediateBuildFilesPath/SwiftExplicitPrecompiledModules/Razorpay-2PHYBYTVM12T5.swiftmodule

SwiftCompile normal arm64 Compiling\ RazorpayCheckout.swift /Users/ravibyakod/Library/Developer/Xcode/DerivedData/Mishran-cpewykydwvjliqfdmdgxjcfypvkn/SourcePackages/checkouts/razorpay-pod/RazorpayCheckout/Sources/RazorpayCheckoutCore/RazorpayCheckout.swift /Applications/Xcode.app/Contents/Developer/Toolchains/XcodeDefault.xctoolchain/usr/lib/swift/iphoneos/prebuilt-modules/26.5/Distributed.swiftmodule/arm64e-apple-ios.swiftmodule /Applications/Xcode.app/Contents/Developer/Toolchains/XcodeDefault.xctoolchain/usr/lib/swift/iphoneos/prebuilt-modules/26.5/Foundation.swiftmodule/arm64e-apple-ios.swiftmodule /Applications/Xcode.app/Contents/Developer/Toolchains/XcodeDefault.xctoolchain/usr/lib/swift/iphoneos/prebuilt-modules/26.5/System.swiftmodule/arm64e-apple-ios.swiftmodule /Applications/Xcode.app/Contents/Developer/Toolchains/XcodeDefault.xctoolchain/usr/lib/swift/iphoneos/prebuilt-modules/26.5/DeveloperToolsSupport.swiftmodule/arm64e-apple-ios.swiftmodule /Applications/Xcode.app/Contents/Developer/Toolchains/XcodeDefault.xctoolchain/usr/lib/swift/iphoneos/prebuilt-modules/26.5/Metal.swiftmodule/arm64e-apple-ios.swiftmodule /Users/ravibyakod/Library/Developer/Xcode/DerivedData/Mishran-cpewykydwvjliqfdmdgxjcfypvkn/Build/Intermediates.noindex/ArchiveIntermediates/Mishran/IntermediateBuildFilesPath/SwiftExplicitPrecompiledModules/RazorpayCore-2W4I5OY3GVDUI.swiftmodule /Applications/Xcode.app/Contents/Developer/Toolchains/XcodeDefault.xctoolchain/usr/lib/swift/iphoneos/prebuilt-modules/26.5/CoreText.swiftmodule/arm64e-apple-ios.swiftmodule /Applications/Xcode.app/Contents/Developer/Toolchains/XcodeDefault.xctoolchain/usr/lib/swift/iphoneos/prebuilt-modules/26.5/_Builtin_float.swiftmodule/arm64e-apple-ios.swiftmodule /Applications/Xcode.app/Contents/Developer/Toolchains/XcodeDefault.xctoolchain/usr/lib/swift/iphoneos/prebuilt-modules/26.5/FileProvider.swiftmodule/arm64e-apple-ios.swiftmodule /Applications/Xcode.app/Contents/Developer/Toolchains/XcodeDefault.xctoolchain/usr/lib/swift/iphoneos/prebuilt-modules/26.5/WebKit.swiftmodule/arm64e-apple-ios.swiftmodule /Applications/Xcode.app/Contents/Developer/Toolchains/XcodeDefault.xctoolchain/usr/lib/swift/iphoneos/prebuilt-modules/26.5/UniformTypeIdentifiers.swiftmodule/arm64e-apple-ios.swiftmodule /Applications/Xcode.app/Contents/Developer/Toolchains/XcodeDefault.xctoolchain/usr/lib/swift/iphoneos/prebuilt-modules/26.5/OSLog.swiftmodule/arm64e-apple-ios.swiftmodule /Applications/Xcode.app/Contents/Developer/Toolchains/XcodeDefault.xctoolchain/usr/lib/swift/iphoneos/prebuilt-modules/26.5/CoreVideo.swiftmodule/arm64e-apple-ios.swiftmodule /Applications/Xcode.app/Contents/Developer/Toolchains/XcodeDefault.xctoolchain/usr/lib/swift/iphoneos/prebuilt-modules/26.5/QuartzCore.swiftmodule/arm64e-apple-ios.swiftmodule /Applications/Xcode.app/Contents/Developer/Toolchains/XcodeDefault.xctoolchain/usr/lib/swift/iphoneos/prebuilt-modules/26.5/_DarwinFoundation1.swiftmodule/arm64e-apple-ios.swiftmodule /Applications/Xcode.app/Contents/Developer/Toolchains/XcodeDefault.xctoolchain/usr/lib/swift/iphoneos/prebuilt-modules/26.5/Darwin.swiftmodule/arm64e-apple-ios.swiftmodule /Applications/Xcode.app/Contents/Developer/Toolchains/XcodeDefault.xctoolchain/usr/lib/swift/iphoneos/prebuilt-modules/26.5/Symbols.swiftmodule/arm64e-apple-ios.swiftmodule /Applications/Xcode.app/Contents/Developer/Toolchains/XcodeDefault.xctoolchain/usr/lib/swift/iphoneos/prebuilt-modules/26.5/DataDetection.swiftmodule/arm64e-apple-ios.swiftmodule /Applications/Xcode.app/Contents/Developer/Toolchains/XcodeDefault.xctoolchain/usr/lib/swift/iphoneos/prebuilt-modules/26.5/CoreGraphics.swiftmodule/arm64e-apple-ios.swiftmodule /Applications/Xcode.app/Contents/Developer/Toolchains/XcodeDefault.xctoolchain/usr/lib/swift/iphoneos/prebuilt-modules/26.5/Dispatch.swiftmodule/arm64e-apple-ios.swiftmodule /Applications/Xcode.app/Contents/Developer/Toolchains/XcodeDefault.xctoolchain/usr/lib/swift/iphoneos/prebuilt-modules/26.5/simd.swiftmodule/arm64e-apple-ios.swiftmodule /Applications/Xcode.app/Contents/Developer/Toolchains/XcodeDefault.xctoolchain/usr/lib/swift/iphoneos/prebuilt-modules/26.5/ObjectiveC.swiftmodule/arm64e-apple-ios.swiftmodule /Applications/Xcode.app/Contents/Developer/Toolchains/XcodeDefault.xctoolchain/usr/lib/swift/iphoneos/prebuilt-modules/26.5/CoreTransferable.swiftmodule/arm64e-apple-ios.swiftmodule /Applications/Xcode.app/Contents/Developer/Toolchains/XcodeDefault.xctoolchain/usr/lib/swift/iphoneos/prebuilt-modules/26.5/os.swiftmodule/arm64e-apple-ios.swiftmodule /Applications/Xcode.app/Contents/Developer/Toolchains/XcodeDefault.xctoolchain/usr/lib/swift/iphoneos/prebuilt-modules/26.5/Swift.swiftmodule/arm64e-apple-ios.swiftmodule /Applications/Xcode.app/Contents/Developer/Toolchains/XcodeDefault.xctoolchain/usr/lib/swift/iphoneos/prebuilt-modules/26.5/Network.swiftmodule/arm64e-apple-ios.swiftmodule /Applications/Xcode.app/Contents/Developer/Toolchains/XcodeDefault.xctoolchain/usr/lib/swift/iphoneos/prebuilt-modules/26.5/_Concurrency.swiftmodule/arm64e-apple-ios.swiftmodule /Users/ravibyakod/Library/Developer/Xcode/DerivedData/Mishran-cpewykydwvjliqfdmdgxjcfypvkn/Build/Intermediates.noindex/ArchiveIntermediates/Mishran/IntermediateBuildFilesPath/SwiftExplicitPrecompiledModules/Razorpay-2PHYBYTVM12T5.swiftmodule /Applications/Xcode.app/Contents/Developer/Toolchains/XcodeDefault.xctoolchain/usr/lib/swift/iphoneos/prebuilt-modules/26.5/_DarwinFoundation2.swiftmodule/arm64e-apple-ios.swiftmodule /Applications/Xcode.app/Contents/Developer/Toolchains/XcodeDefault.xctoolchain/usr/lib/swift/iphoneos/prebuilt-modules/26.5/_StringProcessing.swiftmodule/arm64e-apple-ios.swiftmodule /Applications/Xcode.app/Contents/Developer/Toolchains/XcodeDefault.xctoolchain/usr/lib/swift/iphoneos/prebuilt-modules/26.5/UIKit.swiftmodule/arm64e-apple-ios.swiftmodule /Applications/Xcode.app/Contents/Developer/Toolchains/XcodeDefault.xctoolchain/usr/lib/swift/iphoneos/prebuilt-modules/26.5/Observation.swiftmodule/arm64e-apple-ios.swiftmodule /Applications/Xcode.app/Contents/Developer/Toolchains/XcodeDefault.xctoolchain/usr/lib/swift/iphoneos/prebuilt-modules/26.5/Accessibility.swiftmodule/arm64e-apple-ios.swiftmodule /Applications/Xcode.app/Contents/Developer/Toolchains/XcodeDefault.xctoolchain/usr/lib/swift/iphoneos/prebuilt-modules/26.5/_DarwinFoundation3.swiftmodule/arm64e-apple-ios.swiftmodule /Applications/Xcode.app/Contents/Developer/Toolchains/XcodeDefault.xctoolchain/usr/lib/swift/iphoneos/prebuilt-modules/26.5/SwiftUICore.swiftmodule/arm64e-apple-ios.swiftmodule /Applications/Xcode.app/Contents/Developer/Toolchains/XcodeDefault.xctoolchain/usr/lib/swift/iphoneos/prebuilt-modules/26.5/CoreFoundation.swiftmodule/arm64e-apple-ios.swiftmodule /Applications/Xcode.app/Contents/Developer/Toolchains/XcodeDefault.xctoolchain/usr/lib/swift/iphoneos/prebuilt-modules/26.5/Combine.swiftmodule/arm64e-apple-ios.swiftmodule /Applications/Xcode.app/Contents/Developer/Toolchains/XcodeDefault.xctoolchain/usr/lib/swift/iphoneos/prebuilt-modules/26.5/XPC.swiftmodule/arm64e-apple-ios.swiftmodule /Applications/Xcode.app/Contents/Developer/Toolchains/XcodeDefault.xctoolchain/usr/lib/swift/iphoneos/prebuilt-modules/26.5/CoreImage.swiftmodule/arm64e-apple-ios.swiftmodule /Applications/Xcode.app/Contents/Developer/Toolchains/XcodeDefault.xctoolchain/usr/lib/swift/iphoneos/prebuilt-modules/26.5/Spatial.swiftmodule/arm64e-apple-ios.swiftmodule /Users/ravibyakod/Library/Developer/Xcode/DerivedData/ModuleCache.noindex/Dispatch-75SOZQ3TSAZ7QMZSYNIH1HZFS.pcm /Users/ravibyakod/Library/Developer/Xcode/DerivedData/ModuleCache.noindex/CoreText-3ISGI0OV3RE5UQSCDQY83X3CB.pcm /Users/ravibyakod/Library/Developer/Xcode/DerivedData/ModuleCache.noindex/DeveloperToolsSupport-2G1C6756YAKJTRSOVF537XQE4.pcm /Users/ravibyakod/Library/Developer/Xcode/DerivedData/ModuleCache.noindex/DataDetection-7364999OBIHBPR8U9MACUQSA5.pcm /Users/ravibyakod/Library/Developer/Xcode/DerivedData/ModuleCache.noindex/_Builtin_intrinsics-T4OJEZFRXT4J331WJTTUKI4Z.pcm /Users/ravibyakod/Library/Developer/Xcode/DerivedData/ModuleCache.noindex/Darwin-BQ3QYMXY10HV5TM4BPBEG4DDC.pcm /Users/ravibyakod/Library/Developer/Xcode/DerivedData/ModuleCache.noindex/_Builtin_float-3AQ4NM33RDNO5DU7GGHGLXJ3M.pcm /Users/ravibyakod/Library/Developer/Xcode/DerivedData/ModuleCache.noindex/IOSurface-7J7EC6OBJL1CQSQTYTNB3GRI.pcm /Users/ravibyakod/Library/Developer/Xcode/DerivedData/ModuleCache.noindex/_Builtin_stdarg-4EMQEDR5NAJ9YC3KSS5AQ8F3Y.pcm /Users/ravibyakod/Library/Developer/Xcode/DerivedData/ModuleCache.noindex/CoreFoundation-2GZ5VYFFRH6EIPEHOZN6OINMD.pcm /Users/ravibyakod/Library/Developer/Xcode/DerivedData/ModuleCache.noindex/Metal-CE1Z1H172L8MXRV8VO891SIA4.pcm /Users/ravibyakod/Library/Developer/Xcode/DerivedData/ModuleCache.noindex/QuartzCore-CT2DZIOD5V0K95PJQQZRF8HGU.pcm /Users/ravibyakod/Library/Developer/Xcode/DerivedData/ModuleCache.noindex/Foundation-B8M4HVOXMFRNF98ZH9LTH4GQR.pcm /Users/ravibyakod/Library/Developer/Xcode/DerivedData/ModuleCache.noindex/dnssd-DDXEMU8ZT0NTB75SGNFBURJD.pcm /Users/ravibyakod/Library/Developer/Xcode/DerivedData/ModuleCache.noindex/OpenGLES-BX976AK7D6PJA3NOPJEQTENBY.pcm /Users/ravibyakod/Library/Developer/Xcode/DerivedData/ModuleCache.noindex/ObjectiveC-7DTLRLIBRN6D76YP8HET2UI2D.pcm /Users/ravibyakod/Library/Developer/Xcode/DerivedData/ModuleCache.noindex/_SwiftConcurrencyShims-BI3XBVCBGTBD6TB40AOCL1G79.pcm /Users/ravibyakod/Library/Developer/Xcode/DerivedData/ModuleCache.noindex/_Builtin_inttypes-5FZL6XEM7Q9C5Y41FWFMP84Y7.pcm /Users/ravibyakod/Library/Developer/Xcode/DerivedData/ModuleCache.noindex/os_workgroup-2HZLDPRB9A9RSEP6JSGSJ56VJ.pcm /Users/ravibyakod/Library/Developer/Xcode/DerivedData/ModuleCache.noindex/UIKit-7E74XC80VD1MK9UDROC1V81V4.pcm /Users/ravibyakod/Library/Developer/Xcode/DerivedData/ModuleCache.noindex/CoreGraphics-NX7S8LZUO23L9NUZN7FRFR87.pcm /Users/ravibyakod/Library/Developer/Xcode/DerivedData/ModuleCache.noindex/SwiftUICore-16N00YV0TT9270JNJ603CRATZ.pcm /Users/ravibyakod/Library/Developer/Xcode/DerivedData/ModuleCache.noindex/simd-A3I83GTH9XB27VC6NOG2W0ZUQ.pcm /Users/ravibyakod/Library/Developer/Xcode/DerivedData/ModuleCache.noindex/CoreVideo-1W17WU5CQGE19AQQCDXPM7BHN.pcm /Users/ravibyakod/Library/Developer/Xcode/DerivedData/ModuleCache.noindex/CFNetwork-3P303T6AA3N37CFJ25I82JQ4I.pcm /Users/ravibyakod/Library/Developer/Xcode/DerivedData/ModuleCache.noindex/CoreImage-AK80MG0BVKBY3JBZ6XL99678F.pcm /Users/ravibyakod/Library/Developer/Xcode/DerivedData/ModuleCache.noindex/_DarwinFoundation3-316FV38RQFONAXVG0Y4D27GRZ.pcm /Users/ravibyakod/Library/Developer/Xcode/DerivedData/ModuleCache.noindex/_Builtin_limits-3PEB9TRXUQ0JX056KA3DNZJL4.pcm /Users/ravibyakod/Library/Developer/Xcode/DerivedData/ModuleCache.noindex/UniformTypeIdentifiers-9MT3EQSLV4ZQJTQEL7A9HH3FK.pcm /Users/ravibyakod/Library/Developer/Xcode/DerivedData/Mishran-cpewykydwvjliqfdmdgxjcfypvkn/Build/Intermediates.noindex/ArchiveIntermediates/Mishran/IntermediateBuildFilesPath/SwiftExplicitPrecompiledModules/Razorpay-E261Z9GT4OB1029DUPC04N8KY.pcm /Users/ravibyakod/Library/Developer/Xcode/DerivedData/ModuleCache.noindex/Symbols-95NUE09BOP28QPO86NDG6N4LA.pcm /Users/ravibyakod/Library/Developer/Xcode/DerivedData/ModuleCache.noindex/XPC-5WEOYVEQS8FNZ9287O5X9P9AZ.pcm /Users/ravibyakod/Library/Developer/Xcode/DerivedData/Mishran-cpewykydwvjliqfdmdgxjcfypvkn/Build/Intermediates.noindex/ArchiveIntermediates/Mishran/IntermediateBuildFilesPath/SwiftExplicitPrecompiledModules/RazorpayCore-JKH1G94MA4LHU27XGYHT98TS.pcm /Users/ravibyakod/Library/Developer/Xcode/DerivedData/ModuleCache.noindex/_Builtin_stdint-7K0MUOATZUZFHQCILU9IIVF3A.pcm /Users/ravibyakod/Library/Developer/Xcode/DerivedData/ModuleCache.noindex/FileProvider-8WD2B4RAJXG9RE4T63V80JF1I.pcm /Users/ravibyakod/Library/Developer/Xcode/DerivedData/ModuleCache.noindex/Spatial-3P2V85UWG2R9LYYDIT94G27EB.pcm /Users/ravibyakod/Library/Developer/Xcode/DerivedData/ModuleCache.noindex/OSLog-1SO46YGPTTUMOK2TS9XHGP29W.pcm /Users/ravibyakod/Library/Developer/Xcode/DerivedData/ModuleCache.noindex/_AvailabilityInternal-CZ7UOO17LLQR6H5TLI2ZJRAOZ.pcm /Users/ravibyakod/Library/Developer/Xcode/DerivedData/ModuleCache.noindex/MachO-4RLIQKKY4T5FSRUEC44MR0G7I.pcm /Users/ravibyakod/Library/Developer/Xcode/DerivedData/ModuleCache.noindex/_Builtin_stdbool-1ZJ0MNQ9JZUGUUS1U497E13T6.pcm /Users/ravibyakod/Library/Developer/Xcode/DerivedData/ModuleCache.noindex/_DarwinFoundation1-DD4IDBDFKDTCD4RW4T8DV07ZK.pcm /Users/ravibyakod/Library/Developer/Xcode/DerivedData/ModuleCache.noindex/os_object-6FC3XESEAD4DPZCO0CQM9LB1Q.pcm /Users/ravibyakod/Library/Developer/Xcode/DerivedData/ModuleCache.noindex/WebKit-D6HD88DA8MHZMX423ESMQZVT1.pcm /Users/ravibyakod/Library/Developer/Xcode/DerivedData/ModuleCache.noindex/UIUtilities-AJRKX9OMN4ANIRE8SAZJ9VV0A.pcm /Users/ravibyakod/Library/Developer/Xcode/DerivedData/ModuleCache.noindex/ptrcheck-2CSP7Y040PULMYTD2IS3R3IXQ.pcm /Users/ravibyakod/Library/Developer/Xcode/DerivedData/ModuleCache.noindex/sys_types-63O4CSB2Q139VGD34NIA8KEG2.pcm /Users/ravibyakod/Library/Developer/Xcode/DerivedData/ModuleCache.noindex/Security-1LIME5RX8KQUYFF7IL74CKZSR.pcm /Users/ravibyakod/Library/Developer/Xcode/DerivedData/ModuleCache.noindex/_DarwinFoundation2-F0KCEFRQ04RCKALKTSNOJ6717.pcm /Users/ravibyakod/Library/Developer/Xcode/DerivedData/ModuleCache.noindex/CoreTransferable-DIAR54HAGW68JMJ3NEP0GGH85.pcm /Users/ravibyakod/Library/Developer/Xcode/DerivedData/ModuleCache.noindex/_Builtin_stdatomic-CAW5PR22S3UYIAQRP8VZZGTBV.pcm /Users/ravibyakod/Library/Developer/Xcode/DerivedData/ModuleCache.noindex/UserNotifications-B3CARIJO9RK3ZGXALWDZALDLU.pcm /Users/ravibyakod/Library/Developer/Xcode/DerivedData/ModuleCache.noindex/_Builtin_tgmath-EOMVF9TSIS4M5PCQ5TUEWRVTX.pcm /Users/ravibyakod/Library/Developer/Xcode/DerivedData/ModuleCache.noindex/Accessibility-7R0BQI0SPY5Z8T2LTPVWEHER9.pcm /Users/ravibyakod/Library/Developer/Xcode/DerivedData/ModuleCache.noindex/Network-52UIOG70TV43LET07OJPCYOR.pcm /Users/ravibyakod/Library/Developer/Xcode/DerivedData/ModuleCache.noindex/_Builtin_stddef-F3BZNKO5S0TZN5POR8EJFTOQO.pcm /Users/ravibyakod/Library/Developer/Xcode/DerivedData/ModuleCache.noindex/ptrauth-CQZQ3G89RVBLYHKDFLKGSCKH.pcm /Users/ravibyakod/Library/Developer/Xcode/DerivedData/ModuleCache.noindex/SwiftShims-EPJ8BZ4Y3Y3WA00NQNYE0E01F.pcm /Users/ravibyakod/Library/Developer/Xcode/DerivedData/ModuleCache.noindex/os-2OM434BVTAZ6YRC6E1A49PR03.pcm /Users/ravibyakod/Library/Developer/Xcode/DerivedData/ModuleCache.noindex/ImageIO-4OMPPFO6AEWX42Z7TNI4UE69E.pcm /Users/ravibyakod/Library/Developer/Xcode/DerivedData/Mishran-cpewykydwvjliqfdmdgxjcfypvkn/Build/Intermediates.noindex/ArchiveIntermediates/Mishran/IntermediateBuildFilesPath/RazorpayCheckout.build/Release-iphoneos/RazorpayCheckout.build/Objects-normal/arm64/RazorpayCheckout-dependencies-1.json (in target 'RazorpayCheckout' from project 'RazorpayCheckout')
SwiftCompile normal arm64 /Users/ravibyakod/Library/Developer/Xcode/DerivedData/Mishran-cpewykydwvjliqfdmdgxjcfypvkn/SourcePackages/checkouts/razorpay-pod/RazorpayCheckout/Sources/RazorpayCheckoutCore/RazorpayCheckout.swift (in target 'RazorpayCheckout' from project 'RazorpayCheckout')
    cd /Users/ravibyakod/WORK/mithai-shop/mithai-shop/apps/ios/Mishran.xcodeproj
    

SwiftDriverJobDiscovery normal arm64 Compiling DeliveryActivity.swift, DeliveryAttributes.swift, Localization.swift, MishranTokens.swift (in target 'MishranWidgets' from project 'Mishran')

SwiftDriver\ Compilation\ Requirements MishranWidgets normal arm64 com.apple.xcode.tools.swift.compiler (in target 'MishranWidgets' from project 'Mishran')
    cd /Users/ravibyakod/WORK/mithai-shop/mithai-shop/apps/ios
    builtin-Swift-Compilation-Requirements -- /Applications/Xcode.app/Contents/Developer/Toolchains/XcodeDefault.xctoolchain/usr/bin/swiftc -module-name MishranWidgets -O -whole-module-optimization @/Users/ravibyakod/Library/Developer/Xcode/DerivedData/Mishran-cpewykydwvjliqfdmdgxjcfypvkn/Build/Intermediates.noindex/ArchiveIntermediates/Mishran/IntermediateBuildFilesPath/Mishran.build/Release-iphoneos/MishranWidgets.build/Objects-normal/arm64/MishranWidgets.SwiftFileList -enable-bare-slash-regex -enable-experimental-feature DebugDescriptionMacro -sdk /Applications/Xcode.app/Contents/Developer/Platforms/iPhoneOS.platform/Developer/SDKs/iPhoneOS26.5.sdk -target arm64-apple-ios17.0 -g -module-cache-path /Users/ravibyakod/Library/Developer/Xcode/DerivedData/ModuleCache.noindex -Xfrontend -serialize-debugging-options -application-extension -swift-version 5 -I /Users/ravibyakod/Library/Developer/Xcode/DerivedData/Mishran-cpewykydwvjliqfdmdgxjcfypvkn/Build/Intermediates.noindex/ArchiveIntermediates/Mishran/BuildProductsPath/Release-iphoneos -F /Users/ravibyakod/Library/Developer/Xcode/DerivedData/Mishran-cpewykydwvjliqfdmdgxjcfypvkn/Build/Intermediates.noindex/ArchiveIntermediates/Mishran/BuildProductsPath/Release-iphoneos -c -num-threads 12 -Xcc -ivfsstatcache -Xcc /Users/ravibyakod/Library/Developer/Xcode/DerivedData/SDKStatCaches.noindex/iphoneos26.5-23F81a-32daed1954a7d5dd0789fcaf2a9bb78b.sdkstatcache -output-file-map /Users/ravibyakod/Library/Developer/Xcode/DerivedData/Mishran-cpewykydwvjliqfdmdgxjcfypvkn/Build/Intermediates.noindex/ArchiveIntermediates/Mishran/IntermediateBuildFilesPath/Mishran.build/Release-iphoneos/MishranWidgets.build/Objects-normal/arm64/MishranWidgets-OutputFileMap.json -use-frontend-parseable-output -save-temps -no-color-diagnostics -explicit-module-build -module-cache-path /Users/ravibyakod/Library/Developer/Xcode/DerivedData/Mishran-cpewykydwvjliqfdmdgxjcfypvkn/Build/Intermediates.noindex/ArchiveIntermediates/Mishran/IntermediateBuildFilesPath/SwiftExplicitPrecompiledModules -clang-scanner-module-cache-path /Users/ravibyakod/Library/Developer/Xcode/DerivedData/ModuleCache.noindex -sdk-module-cache-path /Users/ravibyakod/Library/Developer/Xcode/DerivedData/ModuleCache.noindex -serialize-diagnostics -emit-dependencies -emit-module -emit-module-path /Users/ravibyakod/Library/Developer/Xcode/DerivedData/Mishran-cpewykydwvjliqfdmdgxjcfypvkn/Build/Intermediates.noindex/ArchiveIntermediates/Mishran/IntermediateBuildFilesPath/Mishran.build/Release-iphoneos/MishranWidgets.build/Objects-normal/arm64/MishranWidgets.swiftmodule -validate-clang-modules-once -clang-build-session-file /Users/ravibyakod/Library/Developer/Xcode/DerivedData/ModuleCache.noindex/Session.modulevalidation -Xcc -I/Users/ravibyakod/Library/Developer/Xcode/DerivedData/Mishran-cpewykydwvjliqfdmdgxjcfypvkn/Build/Intermediates.noindex/ArchiveIntermediates/Mishran/IntermediateBuildFilesPath/Mishran.build/Release-iphoneos/MishranWidgets.build/swift-overrides.hmap -emit-const-values -Xfrontend -const-gather-protocols-file -Xfrontend /Users/ravibyakod/Library/Developer/Xcode/DerivedData/Mishran-cpewykydwvjliqfdmdgxjcfypvkn/Build/Intermediates.noindex/ArchiveIntermediates/Mishran/IntermediateBuildFilesPath/Mishran.build/Release-iphoneos/MishranWidgets.build/Objects-normal/arm64/MishranWidgets_const_extract_protocols.json -Xcc -iquote -Xcc /Users/ravibyakod/Library/Developer/Xcode/DerivedData/Mishran-cpewykydwvjliqfdmdgxjcfypvkn/Build/Intermediates.noindex/ArchiveIntermediates/Mishran/IntermediateBuildFilesPath/Mishran.build/Release-iphoneos/MishranWidgets.build/MishranWidgets-generated-files.hmap -Xcc -I/Users/ravibyakod/Library/Developer/Xcode/DerivedData/Mishran-cpewykydwvjliqfdmdgxjcfypvkn/Build/Intermediates.noindex/ArchiveIntermediates/Mishran/IntermediateBuildFilesPath/Mishran.build/Release-iphoneos/MishranWidgets.build/MishranWidgets-own-target-headers.hmap -Xcc -I/Users/ravibyakod/Library/Developer/Xcode/DerivedData/Mishran-cpewykydwvjliqfdmdgxjcfypvkn/Build/Intermediates.noindex/ArchiveIntermediates/Mishran/IntermediateBuildFilesPath/Mishran.build/Release-iphoneos/MishranWidgets.build/MishranWidgets-all-non-framework-target-headers.hmap -Xcc -ivfsoverlay -Xcc /Users/ravibyakod/Library/Developer/Xcode/DerivedData/Mishran-cpewykydwvjliqfdmdgxjcfypvkn/Build/Intermediates.noindex/ArchiveIntermediates/Mishran/IntermediateBuildFilesPath/Mishran.build/Release-iphoneos/Mishran-d5faa9f63ed182102bbc449ae56a9586-VFS-iphoneos/all-product-headers.yaml -Xcc -iquote -Xcc /Users/ravibyakod/Library/Developer/Xcode/DerivedData/Mishran-cpewykydwvjliqfdmdgxjcfypvkn/Build/Intermediates.noindex/ArchiveIntermediates/Mishran/IntermediateBuildFilesPath/Mishran.build/Release-iphoneos/MishranWidgets.build/MishranWidgets-project-headers.hmap -Xcc -I/Users/ravibyakod/Library/Developer/Xcode/DerivedData/Mishran-cpewykydwvjliqfdmdgxjcfypvkn/Build/Intermediates.noindex/ArchiveIntermediates/Mishran/BuildProductsPath/Release-iphoneos/include -Xcc -I/Users/ravibyakod/Library/Developer/Xcode/DerivedData/Mishran-cpewykydwvjliqfdmdgxjcfypvkn/Build/Intermediates.noindex/ArchiveIntermediates/Mishran/IntermediateBuildFilesPath/Mishran.build/Release-iphoneos/MishranWidgets.build/DerivedSources-normal/arm64 -Xcc -I/Users/ravibyakod/Library/Developer/Xcode/DerivedData/Mishran-cpewykydwvjliqfdmdgxjcfypvkn/Build/Intermediates.noindex/ArchiveIntermediates/Mishran/IntermediateBuildFilesPath/Mishran.build/Release-iphoneos/MishranWidgets.build/DerivedSources/arm64 -Xcc -I/Users/ravibyakod/Library/Developer/Xcode/DerivedData/Mishran-cpewykydwvjliqfdmdgxjcfypvkn/Build/Intermediates.noindex/ArchiveIntermediates/Mishran/IntermediateBuildFilesPath/Mishran.build/Release-iphoneos/MishranWidgets.build/DerivedSources -emit-objc-header -emit-objc-header-path /Users/ravibyakod/Library/Developer/Xcode/DerivedData/Mishran-cpewykydwvjliqfdmdgxjcfypvkn/Build/Intermediates.noindex/ArchiveIntermediates/Mishran/IntermediateBuildFilesPath/Mishran.build/Release-iphoneos/MishranWidgets.build/Objects-normal/arm64/MishranWidgets-Swift.h -working-directory /Users/ravibyakod/WORK/mithai-shop/mithai-shop/apps/ios -no-emit-module-separately-wmo

SwiftMergeGeneratedHeaders /Users/ravibyakod/Library/Developer/Xcode/DerivedData/Mishran-cpewykydwvjliqfdmdgxjcfypvkn/Build/Intermediates.noindex/ArchiveIntermediates/Mishran/IntermediateBuildFilesPath/Mishran.build/Release-iphoneos/MishranWidgets.build/DerivedSources/MishranWidgets-Swift.h /Users/ravibyakod/Library/Developer/Xcode/DerivedData/Mishran-cpewykydwvjliqfdmdgxjcfypvkn/Build/Intermediates.noindex/ArchiveIntermediates/Mishran/IntermediateBuildFilesPath/Mishran.build/Release-iphoneos/MishranWidgets.build/Objects-normal/arm64/MishranWidgets-Swift.h (in target 'MishranWidgets' from project 'Mishran')
    cd /Users/ravibyakod/WORK/mithai-shop/mithai-shop/apps/ios
    builtin-swiftHeaderTool -arch arm64 /Users/ravibyakod/Library/Developer/Xcode/DerivedData/Mishran-cpewykydwvjliqfdmdgxjcfypvkn/Build/Intermediates.noindex/ArchiveIntermediates/Mishran/IntermediateBuildFilesPath/Mishran.build/Release-iphoneos/MishranWidgets.build/Objects-normal/arm64/MishranWidgets-Swift.h -o /Users/ravibyakod/Library/Developer/Xcode/DerivedData/Mishran-cpewykydwvjliqfdmdgxjcfypvkn/Build/Intermediates.noindex/ArchiveIntermediates/Mishran/IntermediateBuildFilesPath/Mishran.build/Release-iphoneos/MishranWidgets.build/DerivedSources/MishranWidgets-Swift.h

Copy /Users/ravibyakod/Library/Developer/Xcode/DerivedData/Mishran-cpewykydwvjliqfdmdgxjcfypvkn/Build/Intermediates.noindex/ArchiveIntermediates/Mishran/BuildProductsPath/Release-iphoneos/MishranWidgets.swiftmodule/arm64-apple-ios.abi.json /Users/ravibyakod/Library/Developer/Xcode/DerivedData/Mishran-cpewykydwvjliqfdmdgxjcfypvkn/Build/Intermediates.noindex/ArchiveIntermediates/Mishran/IntermediateBuildFilesPath/Mishran.build/Release-iphoneos/MishranWidgets.build/Objects-normal/arm64/MishranWidgets.abi.json (in target 'MishranWidgets' from project 'Mishran')
    cd /Users/ravibyakod/WORK/mithai-shop/mithai-shop/apps/ios
    builtin-copy -exclude .DS_Store -exclude CVS -exclude .svn -exclude .git -exclude .hg -resolve-src-symlinks -rename /Users/ravibyakod/Library/Developer/Xcode/DerivedData/Mishran-cpewykydwvjliqfdmdgxjcfypvkn/Build/Intermediates.noindex/ArchiveIntermediates/Mishran/IntermediateBuildFilesPath/Mishran.build/Release-iphoneos/MishranWidgets.build/Objects-normal/arm64/MishranWidgets.abi.json /Users/ravibyakod/Library/Developer/Xcode/DerivedData/Mishran-cpewykydwvjliqfdmdgxjcfypvkn/Build/Intermediates.noindex/ArchiveIntermediates/Mishran/BuildProductsPath/Release-iphoneos/MishranWidgets.swiftmodule/arm64-apple-ios.abi.json

Copy /Users/ravibyakod/Library/Developer/Xcode/DerivedData/Mishran-cpewykydwvjliqfdmdgxjcfypvkn/Build/Intermediates.noindex/ArchiveIntermediates/Mishran/BuildProductsPath/Release-iphoneos/MishranWidgets.swiftmodule/arm64-apple-ios.swiftdoc /Users/ravibyakod/Library/Developer/Xcode/DerivedData/Mishran-cpewykydwvjliqfdmdgxjcfypvkn/Build/Intermediates.noindex/ArchiveIntermediates/Mishran/IntermediateBuildFilesPath/Mishran.build/Release-iphoneos/MishranWidgets.build/Objects-normal/arm64/MishranWidgets.swiftdoc (in target 'MishranWidgets' from project 'Mishran')
    cd /Users/ravibyakod/WORK/mithai-shop/mithai-shop/apps/ios
    builtin-copy -exclude .DS_Store -exclude CVS -exclude .svn -exclude .git -exclude .hg -resolve-src-symlinks -rename /Users/ravibyakod/Library/Developer/Xcode/DerivedData/Mishran-cpewykydwvjliqfdmdgxjcfypvkn/Build/Intermediates.noindex/ArchiveIntermediates/Mishran/IntermediateBuildFilesPath/Mishran.build/Release-iphoneos/MishranWidgets.build/Objects-normal/arm64/MishranWidgets.swiftdoc /Users/ravibyakod/Library/Developer/Xcode/DerivedData/Mishran-cpewykydwvjliqfdmdgxjcfypvkn/Build/Intermediates.noindex/ArchiveIntermediates/Mishran/BuildProductsPath/Release-iphoneos/MishranWidgets.swiftmodule/arm64-apple-ios.swiftdoc

Copy /Users/ravibyakod/Library/Developer/Xcode/DerivedData/Mishran-cpewykydwvjliqfdmdgxjcfypvkn/Build/Intermediates.noindex/ArchiveIntermediates/Mishran/BuildProductsPath/Release-iphoneos/MishranWidgets.swiftmodule/arm64-apple-ios.swiftmodule /Users/ravibyakod/Library/Developer/Xcode/DerivedData/Mishran-cpewykydwvjliqfdmdgxjcfypvkn/Build/Intermediates.noindex/ArchiveIntermediates/Mishran/IntermediateBuildFilesPath/Mishran.build/Release-iphoneos/MishranWidgets.build/Objects-normal/arm64/MishranWidgets.swiftmodule (in target 'MishranWidgets' from project 'Mishran')
    cd /Users/ravibyakod/WORK/mithai-shop/mithai-shop/apps/ios
    builtin-copy -exclude .DS_Store -exclude CVS -exclude .svn -exclude .git -exclude .hg -resolve-src-symlinks -rename /Users/ravibyakod/Library/Developer/Xcode/DerivedData/Mishran-cpewykydwvjliqfdmdgxjcfypvkn/Build/Intermediates.noindex/ArchiveIntermediates/Mishran/IntermediateBuildFilesPath/Mishran.build/Release-iphoneos/MishranWidgets.build/Objects-normal/arm64/MishranWidgets.swiftmodule /Users/ravibyakod/Library/Developer/Xcode/DerivedData/Mishran-cpewykydwvjliqfdmdgxjcfypvkn/Build/Intermediates.noindex/ArchiveIntermediates/Mishran/BuildProductsPath/Release-iphoneos/MishranWidgets.swiftmodule/arm64-apple-ios.swiftmodule

Ld /Users/ravibyakod/Library/Developer/Xcode/DerivedData/Mishran-cpewykydwvjliqfdmdgxjcfypvkn/Build/Intermediates.noindex/ArchiveIntermediates/Mishran/IntermediateBuildFilesPath/UninstalledProducts/iphoneos/MishranWidgets.appex/MishranWidgets normal (in target 'MishranWidgets' from project 'Mishran')
    cd /Users/ravibyakod/WORK/mithai-shop/mithai-shop/apps/ios
    /Applications/Xcode.app/Contents/Developer/Toolchains/XcodeDefault.xctoolchain/usr/bin/clang -Xlinker -reproducible -target arm64-apple-ios17.0 -isysroot /Applications/Xcode.app/Contents/Developer/Platforms/iPhoneOS.platform/Developer/SDKs/iPhoneOS26.5.sdk -Os -L/Users/ravibyakod/Library/Developer/Xcode/DerivedData/Mishran-cpewykydwvjliqfdmdgxjcfypvkn/Build/Intermediates.noindex/ArchiveIntermediates/Mishran/IntermediateBuildFilesPath/EagerLinkingTBDs/Release-iphoneos -L/Users/ravibyakod/Library/Developer/Xcode/DerivedData/Mishran-cpewykydwvjliqfdmdgxjcfypvkn/Build/Intermediates.noindex/ArchiveIntermediates/Mishran/BuildProductsPath/Release-iphoneos -F/Users/ravibyakod/Library/Developer/Xcode/DerivedData/Mishran-cpewykydwvjliqfdmdgxjcfypvkn/Build/Intermediates.noindex/ArchiveIntermediates/Mishran/IntermediateBuildFilesPath/EagerLinkingTBDs/Release-iphoneos -F/Users/ravibyakod/Library/Developer/Xcode/DerivedData/Mishran-cpewykydwvjliqfdmdgxjcfypvkn/Build/Intermediates.noindex/ArchiveIntermediates/Mishran/BuildProductsPath/Release-iphoneos -filelist /Users/ravibyakod/Library/Developer/Xcode/DerivedData/Mishran-cpewykydwvjliqfdmdgxjcfypvkn/Build/Intermediates.noindex/ArchiveIntermediates/Mishran/IntermediateBuildFilesPath/Mishran.build/Release-iphoneos/MishranWidgets.build/Objects-normal/arm64/MishranWidgets.LinkFileList -Xlinker -rpath -Xlinker /usr/lib/swift -Xlinker -rpath -Xlinker @executable_path/Frameworks -Xlinker -rpath -Xlinker @executable_path/../../Frameworks -Xlinker -dead_strip -Xlinker -object_path_lto -Xlinker /Users/ravibyakod/Library/Developer/Xcode/DerivedData/Mishran-cpewykydwvjliqfdmdgxjcfypvkn/Build/Intermediates.noindex/ArchiveIntermediates/Mishran/IntermediateBuildFilesPath/Mishran.build/Release-iphoneos/MishranWidgets.build/Objects-normal/arm64/MishranWidgets_lto.o -Xlinker -dependency_info -Xlinker /Users/ravibyakod/Library/Developer/Xcode/DerivedData/Mishran-cpewykydwvjliqfdmdgxjcfypvkn/Build/Intermediates.noindex/ArchiveIntermediates/Mishran/IntermediateBuildFilesPath/Mishran.build/Release-iphoneos/MishranWidgets.build/Objects-normal/arm64/MishranWidgets_dependency_info.dat -e _NSExtensionMain -fapplication-extension -fobjc-link-runtime -L/Applications/Xcode.app/Contents/Developer/Toolchains/XcodeDefault.xctoolchain/usr/lib/swift/iphoneos -L/usr/lib/swift -Xlinker -add_ast_path -Xlinker /Users/ravibyakod/Library/Developer/Xcode/DerivedData/Mishran-cpewykydwvjliqfdmdgxjcfypvkn/Build/Intermediates.noindex/ArchiveIntermediates/Mishran/IntermediateBuildFilesPath/Mishran.build/Release-iphoneos/MishranWidgets.build/Objects-normal/arm64/MishranWidgets.swiftmodule @/Users/ravibyakod/Library/Developer/Xcode/DerivedData/Mishran-cpewykydwvjliqfdmdgxjcfypvkn/Build/Intermediates.noindex/ArchiveIntermediates/Mishran/IntermediateBuildFilesPath/Mishran.build/Release-iphoneos/MishranWidgets.build/Objects-normal/arm64/MishranWidgets-linker-args.resp -Xlinker -no_adhoc_codesign -o /Users/ravibyakod/Library/Developer/Xcode/DerivedData/Mishran-cpewykydwvjliqfdmdgxjcfypvkn/Build/Intermediates.noindex/ArchiveIntermediates/Mishran/IntermediateBuildFilesPath/UninstalledProducts/iphoneos/MishranWidgets.appex/MishranWidgets

SwiftDriverJobDiscovery normal arm64 Compiling RazorpayCheckout.swift (in target 'RazorpayCheckout' from project 'RazorpayCheckout')

SwiftDriver\ Compilation\ Requirements RazorpayCheckout normal arm64 com.apple.xcode.tools.swift.compiler (in target 'RazorpayCheckout' from project 'RazorpayCheckout')
    cd /Users/ravibyakod/WORK/mithai-shop/mithai-shop/apps/ios/Mishran.xcodeproj
    builtin-Swift-Compilation-Requirements -- /Applications/Xcode.app/Contents/Developer/Toolchains/XcodeDefault.xctoolchain/usr/bin/swiftc -module-name RazorpayCheckout -O -whole-module-optimization @/Users/ravibyakod/Library/Developer/Xcode/DerivedData/Mishran-cpewykydwvjliqfdmdgxjcfypvkn/Build/Intermediates.noindex/ArchiveIntermediates/Mishran/IntermediateBuildFilesPath/RazorpayCheckout.build/Release-iphoneos/RazorpayCheckout.build/Objects-normal/arm64/RazorpayCheckout.SwiftFileList -DSWIFT_PACKAGE -DSWIFT_MODULE_RESOURCE_BUNDLE_UNAVAILABLE -DXcode -plugin-path /Applications/Xcode.app/Contents/Developer/Toolchains/XcodeDefault.xctoolchain/usr/lib/swift/host/plugins/testing -enable-experimental-feature DebugDescriptionMacro -sdk /Applications/Xcode.app/Contents/Developer/Platforms/iPhoneOS.platform/Developer/SDKs/iPhoneOS26.5.sdk -target arm64-apple-ios13.0 -g -module-cache-path /Users/ravibyakod/Library/Developer/Xcode/DerivedData/ModuleCache.noindex -Xfrontend -serialize-debugging-options -suppress-warnings -swift-version 5 -I /Users/ravibyakod/Library/Developer/Xcode/DerivedData/Mishran-cpewykydwvjliqfdmdgxjcfypvkn/Build/Intermediates.noindex/ArchiveIntermediates/Mishran/BuildProductsPath/Release-iphoneos -Isystem /Applications/Xcode.app/Contents/Developer/Platforms/iPhoneOS.platform/Developer/usr/lib -F /Users/ravibyakod/Library/Developer/Xcode/DerivedData/Mishran-cpewykydwvjliqfdmdgxjcfypvkn/Build/Intermediates.noindex/ArchiveIntermediates/Mishran/BuildProductsPath/Release-iphoneos -F /Applications/Xcode.app/Contents/Developer/Platforms/iPhoneOS.platform/Developer/Library/Frameworks -F /Applications/Xcode.app/Contents/Developer/Platforms/iPhoneOS.platform/Developer/SDKs/iPhoneOS26.5.sdk/Developer/Library/Frameworks -parse-as-library -c -num-threads 12 -Xcc -ivfsstatcache -Xcc /Users/ravibyakod/Library/Developer/Xcode/DerivedData/SDKStatCaches.noindex/iphoneos26.5-23F81a-32daed1954a7d5dd0789fcaf2a9bb78b.sdkstatcache -output-file-map /Users/ravibyakod/Library/Developer/Xcode/DerivedData/Mishran-cpewykydwvjliqfdmdgxjcfypvkn/Build/Intermediates.noindex/ArchiveIntermediates/Mishran/IntermediateBuildFilesPath/RazorpayCheckout.build/Release-iphoneos/RazorpayCheckout.build/Objects-normal/arm64/RazorpayCheckout-OutputFileMap.json -use-frontend-parseable-output -save-temps -no-color-diagnostics -explicit-module-build -module-cache-path /Users/ravibyakod/Library/Developer/Xcode/DerivedData/Mishran-cpewykydwvjliqfdmdgxjcfypvkn/Build/Intermediates.noindex/ArchiveIntermediates/Mishran/IntermediateBuildFilesPath/SwiftExplicitPrecompiledModules -clang-scanner-module-cache-path /Users/ravibyakod/Library/Developer/Xcode/DerivedData/ModuleCache.noindex -sdk-module-cache-path /Users/ravibyakod/Library/Developer/Xcode/DerivedData/ModuleCache.noindex -serialize-diagnostics -emit-dependencies -emit-module -emit-module-path /Users/ravibyakod/Library/Developer/Xcode/DerivedData/Mishran-cpewykydwvjliqfdmdgxjcfypvkn/Build/Intermediates.noindex/ArchiveIntermediates/Mishran/IntermediateBuildFilesPath/RazorpayCheckout.build/Release-iphoneos/RazorpayCheckout.build/Objects-normal/arm64/RazorpayCheckout.swiftmodule -validate-clang-modules-once -clang-build-session-file /Users/ravibyakod/Library/Developer/Xcode/DerivedData/ModuleCache.noindex/Session.modulevalidation -package-name razorpay_pod -Xcc -I/Users/ravibyakod/Library/Developer/Xcode/DerivedData/Mishran-cpewykydwvjliqfdmdgxjcfypvkn/Build/Intermediates.noindex/ArchiveIntermediates/Mishran/IntermediateBuildFilesPath/RazorpayCheckout.build/Release-iphoneos/RazorpayCheckout.build/swift-overrides.hmap -emit-const-values -Xfrontend -const-gather-protocols-file -Xfrontend /Users/ravibyakod/Library/Developer/Xcode/DerivedData/Mishran-cpewykydwvjliqfdmdgxjcfypvkn/Build/Intermediates.noindex/ArchiveIntermediates/Mishran/IntermediateBuildFilesPath/RazorpayCheckout.build/Release-iphoneos/RazorpayCheckout.build/Objects-normal/arm64/RazorpayCheckout_const_extract_protocols.json -Xcc -I/Users/ravibyakod/Library/Developer/Xcode/DerivedData/Mishran-cpewykydwvjliqfdmdgxjcfypvkn/Build/Intermediates.noindex/ArchiveIntermediates/Mishran/BuildProductsPath/Release-iphoneos/include -Xcc -I/Users/ravibyakod/Library/Developer/Xcode/DerivedData/Mishran-cpewykydwvjliqfdmdgxjcfypvkn/Build/Intermediates.noindex/ArchiveIntermediates/Mishran/IntermediateBuildFilesPath/RazorpayCheckout.build/Release-iphoneos/RazorpayCheckout.build/DerivedSources-normal/arm64 -Xcc -I/Users/ravibyakod/Library/Developer/Xcode/DerivedData/Mishran-cpewykydwvjliqfdmdgxjcfypvkn/Build/Intermediates.noindex/ArchiveIntermediates/Mishran/IntermediateBuildFilesPath/RazorpayCheckout.build/Release-iphoneos/RazorpayCheckout.build/DerivedSources/arm64 -Xcc -I/Users/ravibyakod/Library/Developer/Xcode/DerivedData/Mishran-cpewykydwvjliqfdmdgxjcfypvkn/Build/Intermediates.noindex/ArchiveIntermediates/Mishran/IntermediateBuildFilesPath/RazorpayCheckout.build/Release-iphoneos/RazorpayCheckout.build/DerivedSources -Xcc -DSWIFT_PACKAGE -emit-objc-header -emit-objc-header-path /Users/ravibyakod/Library/Developer/Xcode/DerivedData/Mishran-cpewykydwvjliqfdmdgxjcfypvkn/Build/Intermediates.noindex/ArchiveIntermediates/Mishran/IntermediateBuildFilesPath/RazorpayCheckout.build/Release-iphoneos/RazorpayCheckout.build/Objects-normal/arm64/RazorpayCheckout-Swift.h -working-directory /Users/ravibyakod/WORK/mithai-shop/mithai-shop/apps/ios/Mishran.xcodeproj -no-emit-module-separately-wmo

SwiftMergeGeneratedHeaders /Users/ravibyakod/Library/Developer/Xcode/DerivedData/Mishran-cpewykydwvjliqfdmdgxjcfypvkn/Build/Intermediates.noindex/ArchiveIntermediates/Mishran/IntermediateBuildFilesPath/GeneratedModuleMaps-iphoneos/RazorpayCheckout-Swift.h /Users/ravibyakod/Library/Developer/Xcode/DerivedData/Mishran-cpewykydwvjliqfdmdgxjcfypvkn/Build/Intermediates.noindex/ArchiveIntermediates/Mishran/IntermediateBuildFilesPath/RazorpayCheckout.build/Release-iphoneos/RazorpayCheckout.build/Objects-normal/arm64/RazorpayCheckout-Swift.h (in target 'RazorpayCheckout' from project 'RazorpayCheckout')
    cd /Users/ravibyakod/Library/Developer/Xcode/DerivedData/Mishran-cpewykydwvjliqfdmdgxjcfypvkn/SourcePackages/checkouts/razorpay-pod
    builtin-swiftHeaderTool -arch arm64 /Users/ravibyakod/Library/Developer/Xcode/DerivedData/Mishran-cpewykydwvjliqfdmdgxjcfypvkn/Build/Intermediates.noindex/ArchiveIntermediates/Mishran/IntermediateBuildFilesPath/RazorpayCheckout.build/Release-iphoneos/RazorpayCheckout.build/Objects-normal/arm64/RazorpayCheckout-Swift.h -o /Users/ravibyakod/Library/Developer/Xcode/DerivedData/Mishran-cpewykydwvjliqfdmdgxjcfypvkn/Build/Intermediates.noindex/ArchiveIntermediates/Mishran/IntermediateBuildFilesPath/GeneratedModuleMaps-iphoneos/RazorpayCheckout-Swift.h

Copy /Users/ravibyakod/Library/Developer/Xcode/DerivedData/Mishran-cpewykydwvjliqfdmdgxjcfypvkn/Build/Intermediates.noindex/ArchiveIntermediates/Mishran/BuildProductsPath/Release-iphoneos/RazorpayCheckout.swiftmodule/arm64-apple-ios.abi.json /Users/ravibyakod/Library/Developer/Xcode/DerivedData/Mishran-cpewykydwvjliqfdmdgxjcfypvkn/Build/Intermediates.noindex/ArchiveIntermediates/Mishran/IntermediateBuildFilesPath/RazorpayCheckout.build/Release-iphoneos/RazorpayCheckout.build/Objects-normal/arm64/RazorpayCheckout.abi.json (in target 'RazorpayCheckout' from project 'RazorpayCheckout')
    cd /Users/ravibyakod/Library/Developer/Xcode/DerivedData/Mishran-cpewykydwvjliqfdmdgxjcfypvkn/SourcePackages/checkouts/razorpay-pod
    builtin-copy -exclude .DS_Store -exclude CVS -exclude .svn -exclude .git -exclude .hg -strip-unsigned-binaries -strip-deterministic -strip-tool /Applications/Xcode.app/Contents/Developer/Toolchains/XcodeDefault.xctoolchain/usr/bin/strip -resolve-src-symlinks -rename /Users/ravibyakod/Library/Developer/Xcode/DerivedData/Mishran-cpewykydwvjliqfdmdgxjcfypvkn/Build/Intermediates.noindex/ArchiveIntermediates/Mishran/IntermediateBuildFilesPath/RazorpayCheckout.build/Release-iphoneos/RazorpayCheckout.build/Objects-normal/arm64/RazorpayCheckout.abi.json /Users/ravibyakod/Library/Developer/Xcode/DerivedData/Mishran-cpewykydwvjliqfdmdgxjcfypvkn/Build/Intermediates.noindex/ArchiveIntermediates/Mishran/BuildProductsPath/Release-iphoneos/RazorpayCheckout.swiftmodule/arm64-apple-ios.abi.json

Copy /Users/ravibyakod/Library/Developer/Xcode/DerivedData/Mishran-cpewykydwvjliqfdmdgxjcfypvkn/Build/Intermediates.noindex/ArchiveIntermediates/Mishran/BuildProductsPath/Release-iphoneos/RazorpayCheckout.swiftmodule/arm64-apple-ios.swiftmodule /Users/ravibyakod/Library/Developer/Xcode/DerivedData/Mishran-cpewykydwvjliqfdmdgxjcfypvkn/Build/Intermediates.noindex/ArchiveIntermediates/Mishran/IntermediateBuildFilesPath/RazorpayCheckout.build/Release-iphoneos/RazorpayCheckout.build/Objects-normal/arm64/RazorpayCheckout.swiftmodule (in target 'RazorpayCheckout' from project 'RazorpayCheckout')
    cd /Users/ravibyakod/Library/Developer/Xcode/DerivedData/Mishran-cpewykydwvjliqfdmdgxjcfypvkn/SourcePackages/checkouts/razorpay-pod
    builtin-copy -exclude .DS_Store -exclude CVS -exclude .svn -exclude .git -exclude .hg -strip-unsigned-binaries -strip-deterministic -strip-tool /Applications/Xcode.app/Contents/Developer/Toolchains/XcodeDefault.xctoolchain/usr/bin/strip -resolve-src-symlinks -rename /Users/ravibyakod/Library/Developer/Xcode/DerivedData/Mishran-cpewykydwvjliqfdmdgxjcfypvkn/Build/Intermediates.noindex/ArchiveIntermediates/Mishran/IntermediateBuildFilesPath/RazorpayCheckout.build/Release-iphoneos/RazorpayCheckout.build/Objects-normal/arm64/RazorpayCheckout.swiftmodule /Users/ravibyakod/Library/Developer/Xcode/DerivedData/Mishran-cpewykydwvjliqfdmdgxjcfypvkn/Build/Intermediates.noindex/ArchiveIntermediates/Mishran/BuildProductsPath/Release-iphoneos/RazorpayCheckout.swiftmodule/arm64-apple-ios.swiftmodule

Copy /Users/ravibyakod/Library/Developer/Xcode/DerivedData/Mishran-cpewykydwvjliqfdmdgxjcfypvkn/Build/Intermediates.noindex/ArchiveIntermediates/Mishran/BuildProductsPath/Release-iphoneos/RazorpayCheckout.swiftmodule/arm64-apple-ios.swiftdoc /Users/ravibyakod/Library/Developer/Xcode/DerivedData/Mishran-cpewykydwvjliqfdmdgxjcfypvkn/Build/Intermediates.noindex/ArchiveIntermediates/Mishran/IntermediateBuildFilesPath/RazorpayCheckout.build/Release-iphoneos/RazorpayCheckout.build/Objects-normal/arm64/RazorpayCheckout.swiftdoc (in target 'RazorpayCheckout' from project 'RazorpayCheckout')
    cd /Users/ravibyakod/Library/Developer/Xcode/DerivedData/Mishran-cpewykydwvjliqfdmdgxjcfypvkn/SourcePackages/checkouts/razorpay-pod
    builtin-copy -exclude .DS_Store -exclude CVS -exclude .svn -exclude .git -exclude .hg -strip-unsigned-binaries -strip-deterministic -strip-tool /Applications/Xcode.app/Contents/Developer/Toolchains/XcodeDefault.xctoolchain/usr/bin/strip -resolve-src-symlinks -rename /Users/ravibyakod/Library/Developer/Xcode/DerivedData/Mishran-cpewykydwvjliqfdmdgxjcfypvkn/Build/Intermediates.noindex/ArchiveIntermediates/Mishran/IntermediateBuildFilesPath/RazorpayCheckout.build/Release-iphoneos/RazorpayCheckout.build/Objects-normal/arm64/RazorpayCheckout.swiftdoc /Users/ravibyakod/Library/Developer/Xcode/DerivedData/Mishran-cpewykydwvjliqfdmdgxjcfypvkn/Build/Intermediates.noindex/ArchiveIntermediates/Mishran/BuildProductsPath/Release-iphoneos/RazorpayCheckout.swiftmodule/arm64-apple-ios.swiftdoc

Ld /Users/ravibyakod/Library/Developer/Xcode/DerivedData/Mishran-cpewykydwvjliqfdmdgxjcfypvkn/Build/Intermediates.noindex/ArchiveIntermediates/Mishran/IntermediateBuildFilesPath/UninstalledProducts/iphoneos/RazorpayCheckout.o normal (in target 'RazorpayCheckout' from project 'RazorpayCheckout')
    cd /Users/ravibyakod/Library/Developer/Xcode/DerivedData/Mishran-cpewykydwvjliqfdmdgxjcfypvkn/SourcePackages/checkouts/razorpay-pod
    /Applications/Xcode.app/Contents/Developer/Toolchains/XcodeDefault.xctoolchain/usr/bin/clang -Xlinker -reproducible -target arm64-apple-ios13.0 -r -isysroot /Applications/Xcode.app/Contents/Developer/Platforms/iPhoneOS.platform/Developer/SDKs/iPhoneOS26.5.sdk -Os -w -F/Users/ravibyakod/Library/Developer/Xcode/DerivedData/Mishran-cpewykydwvjliqfdmdgxjcfypvkn/Build/Intermediates.noindex/ArchiveIntermediates/Mishran/IntermediateBuildFilesPath/EagerLinkingTBDs/Release-iphoneos -F/Users/ravibyakod/Library/Developer/Xcode/DerivedData/Mishran-cpewykydwvjliqfdmdgxjcfypvkn/Build/Intermediates.noindex/ArchiveIntermediates/Mishran/BuildProductsPath/Release-iphoneos -iframework /Applications/Xcode.app/Contents/Developer/Platforms/iPhoneOS.platform/Developer/Library/Frameworks -iframework /Applications/Xcode.app/Contents/Developer/Platforms/iPhoneOS.platform/Developer/SDKs/iPhoneOS26.5.sdk/Developer/Library/Frameworks -filelist /Users/ravibyakod/Library/Developer/Xcode/DerivedData/Mishran-cpewykydwvjliqfdmdgxjcfypvkn/Build/Intermediates.noindex/ArchiveIntermediates/Mishran/IntermediateBuildFilesPath/RazorpayCheckout.build/Release-iphoneos/RazorpayCheckout.build/Objects-normal/arm64/RazorpayCheckout.LinkFileList -nostdlib -Xlinker -object_path_lto -Xlinker /Users/ravibyakod/Library/Developer/Xcode/DerivedData/Mishran-cpewykydwvjliqfdmdgxjcfypvkn/Build/Intermediates.noindex/ArchiveIntermediates/Mishran/IntermediateBuildFilesPath/RazorpayCheckout.build/Release-iphoneos/RazorpayCheckout.build/Objects-normal/arm64/RazorpayCheckout_lto.o -Xlinker -dependency_info -Xlinker /Users/ravibyakod/Library/Developer/Xcode/DerivedData/Mishran-cpewykydwvjliqfdmdgxjcfypvkn/Build/Intermediates.noindex/ArchiveIntermediates/Mishran/IntermediateBuildFilesPath/RazorpayCheckout.build/Release-iphoneos/RazorpayCheckout.build/Objects-normal/arm64/RazorpayCheckout_dependency_info.dat -fobjc-link-runtime -L/Applications/Xcode.app/Contents/Developer/Toolchains/XcodeDefault.xctoolchain/usr/lib/swift/iphoneos -L/usr/lib/swift -Xlinker -add_ast_path -Xlinker /Users/ravibyakod/Library/Developer/Xcode/DerivedData/Mishran-cpewykydwvjliqfdmdgxjcfypvkn/Build/Intermediates.noindex/ArchiveIntermediates/Mishran/IntermediateBuildFilesPath/RazorpayCheckout.build/Release-iphoneos/RazorpayCheckout.build/Objects-normal/arm64/RazorpayCheckout.swiftmodule @/Users/ravibyakod/Library/Developer/Xcode/DerivedData/Mishran-cpewykydwvjliqfdmdgxjcfypvkn/Build/Intermediates.noindex/ArchiveIntermediates/Mishran/IntermediateBuildFilesPath/RazorpayCheckout.build/Release-iphoneos/RazorpayCheckout.build/Objects-normal/arm64/RazorpayCheckout-linker-args.resp -o /Users/ravibyakod/Library/Developer/Xcode/DerivedData/Mishran-cpewykydwvjliqfdmdgxjcfypvkn/Build/Intermediates.noindex/ArchiveIntermediates/Mishran/IntermediateBuildFilesPath/UninstalledProducts/iphoneos/RazorpayCheckout.o

ProcessProductPackaging /Users/ravibyakod/Library/Developer/Xcode/UserData/Provisioning\ Profiles/ecf7e16f-211a-47ab-a4cd-cf28d5822096.mobileprovision /Users/ravibyakod/Library/Developer/Xcode/DerivedData/Mishran-cpewykydwvjliqfdmdgxjcfypvkn/Build/Intermediates.noindex/ArchiveIntermediates/Mishran/InstallationBuildProductsLocation/Applications/Mishran.app/embedded.mobileprovision (in target 'Mishran' from project 'Mishran')
    cd /Users/ravibyakod/WORK/mithai-shop/mithai-shop/apps/ios
    builtin-productPackagingUtility /Users/ravibyakod/Library/Developer/Xcode/UserData/Provisioning\ Profiles/ecf7e16f-211a-47ab-a4cd-cf28d5822096.mobileprovision -o /Users/ravibyakod/Library/Developer/Xcode/DerivedData/Mishran-cpewykydwvjliqfdmdgxjcfypvkn/Build/Intermediates.noindex/ArchiveIntermediates/Mishran/InstallationBuildProductsLocation/Applications/Mishran.app/embedded.mobileprovision

ProcessProductPackaging /Users/ravibyakod/WORK/mithai-shop/mithai-shop/apps/ios/Mishran/Mishran.entitlements /Users/ravibyakod/Library/Developer/Xcode/DerivedData/Mishran-cpewykydwvjliqfdmdgxjcfypvkn/Build/Intermediates.noindex/ArchiveIntermediates/Mishran/IntermediateBuildFilesPath/Mishran.build/Release-iphoneos/Mishran.build/Mishran.app.xcent (in target 'Mishran' from project 'Mishran')
    cd /Users/ravibyakod/WORK/mithai-shop/mithai-shop/apps/ios
    
    Entitlements:
    
    {
    "application-identifier" = "2X7B7DMV95.com.mishran.app";
    "aps-environment" = development;
    "com.apple.developer.applesignin" = Default;
    "com.apple.developer.team-identifier" = 2X7B7DMV95;
    "get-task-allow" = 1;
}
    
    builtin-productPackagingUtility /Users/ravibyakod/WORK/mithai-shop/mithai-shop/apps/ios/Mishran/Mishran.entitlements -entitlements -format xml -o /Users/ravibyakod/Library/Developer/Xcode/DerivedData/Mishran-cpewykydwvjliqfdmdgxjcfypvkn/Build/Intermediates.noindex/ArchiveIntermediates/Mishran/IntermediateBuildFilesPath/Mishran.build/Release-iphoneos/Mishran.build/Mishran.app.xcent

ProcessProductPackagingDER /Users/ravibyakod/Library/Developer/Xcode/DerivedData/Mishran-cpewykydwvjliqfdmdgxjcfypvkn/Build/Intermediates.noindex/ArchiveIntermediates/Mishran/IntermediateBuildFilesPath/Mishran.build/Release-iphoneos/Mishran.build/Mishran.app.xcent /Users/ravibyakod/Library/Developer/Xcode/DerivedData/Mishran-cpewykydwvjliqfdmdgxjcfypvkn/Build/Intermediates.noindex/ArchiveIntermediates/Mishran/IntermediateBuildFilesPath/Mishran.build/Release-iphoneos/Mishran.build/Mishran.app.xcent.der (in target 'Mishran' from project 'Mishran')
    cd /Users/ravibyakod/WORK/mithai-shop/mithai-shop/apps/ios
    /usr/bin/derq query -f xml -i /Users/ravibyakod/Library/Developer/Xcode/DerivedData/Mishran-cpewykydwvjliqfdmdgxjcfypvkn/Build/Intermediates.noindex/ArchiveIntermediates/Mishran/IntermediateBuildFilesPath/Mishran.build/Release-iphoneos/Mishran.build/Mishran.app.xcent -o /Users/ravibyakod/Library/Developer/Xcode/DerivedData/Mishran-cpewykydwvjliqfdmdgxjcfypvkn/Build/Intermediates.noindex/ArchiveIntermediates/Mishran/IntermediateBuildFilesPath/Mishran.build/Release-iphoneos/Mishran.build/Mishran.app.xcent.der --raw

GenerateAssetSymbols /Users/ravibyakod/WORK/mithai-shop/mithai-shop/apps/ios/Mishran/Assets.xcassets (in target 'Mishran' from project 'Mishran')
    cd /Users/ravibyakod/WORK/mithai-shop/mithai-shop/apps/ios
    /Applications/Xcode.app/Contents/Developer/usr/bin/actool /Users/ravibyakod/WORK/mithai-shop/mithai-shop/apps/ios/Mishran/Assets.xcassets --compile /Users/ravibyakod/Library/Developer/Xcode/DerivedData/Mishran-cpewykydwvjliqfdmdgxjcfypvkn/Build/Intermediates.noindex/ArchiveIntermediates/Mishran/InstallationBuildProductsLocation/Applications/Mishran.app --output-format human-readable-text --notices --warnings --export-dependency-info /Users/ravibyakod/Library/Developer/Xcode/DerivedData/Mishran-cpewykydwvjliqfdmdgxjcfypvkn/Build/Intermediates.noindex/ArchiveIntermediates/Mishran/IntermediateBuildFilesPath/Mishran.build/Release-iphoneos/Mishran.build/assetcatalog_dependencies --output-partial-info-plist /Users/ravibyakod/Library/Developer/Xcode/DerivedData/Mishran-cpewykydwvjliqfdmdgxjcfypvkn/Build/Intermediates.noindex/ArchiveIntermediates/Mishran/IntermediateBuildFilesPath/Mishran.build/Release-iphoneos/Mishran.build/assetcatalog_generated_info.plist --app-icon AppIcon --compress-pngs --enable-on-demand-resources YES --development-region en --target-device iphone --minimum-deployment-target 17.0 --platform iphoneos --bundle-identifier com.mishran.app --generate-swift-asset-symbol-extensions NO --generate-swift-asset-symbols /Users/ravibyakod/Library/Developer/Xcode/DerivedData/Mishran-cpewykydwvjliqfdmdgxjcfypvkn/Build/Intermediates.noindex/ArchiveIntermediates/Mishran/IntermediateBuildFilesPath/Mishran.build/Release-iphoneos/Mishran.build/DerivedSources/GeneratedAssetSymbols.swift --generate-objc-asset-symbols /Users/ravibyakod/Library/Developer/Xcode/DerivedData/Mishran-cpewykydwvjliqfdmdgxjcfypvkn/Build/Intermediates.noindex/ArchiveIntermediates/Mishran/IntermediateBuildFilesPath/Mishran.build/Release-iphoneos/Mishran.build/DerivedSources/GeneratedAssetSymbols.h --generate-asset-symbol-index /Users/ravibyakod/Library/Developer/Xcode/DerivedData/Mishran-cpewykydwvjliqfdmdgxjcfypvkn/Build/Intermediates.noindex/ArchiveIntermediates/Mishran/IntermediateBuildFilesPath/Mishran.build/Release-iphoneos/Mishran.build/DerivedSources/GeneratedAssetSymbols-Index.plist
/* com.apple.actool.compilation-results */
/Users/ravibyakod/Library/Developer/Xcode/DerivedData/Mishran-cpewykydwvjliqfdmdgxjcfypvkn/Build/Intermediates.noindex/ArchiveIntermediates/Mishran/IntermediateBuildFilesPath/Mishran.build/Release-iphoneos/Mishran.build/DerivedSources/GeneratedAssetSymbols-Index.plist
/Users/ravibyakod/Library/Developer/Xcode/DerivedData/Mishran-cpewykydwvjliqfdmdgxjcfypvkn/Build/Intermediates.noindex/ArchiveIntermediates/Mishran/IntermediateBuildFilesPath/Mishran.build/Release-iphoneos/Mishran.build/DerivedSources/GeneratedAssetSymbols.h
/Users/ravibyakod/Library/Developer/Xcode/DerivedData/Mishran-cpewykydwvjliqfdmdgxjcfypvkn/Build/Intermediates.noindex/ArchiveIntermediates/Mishran/IntermediateBuildFilesPath/Mishran.build/Release-iphoneos/Mishran.build/DerivedSources/GeneratedAssetSymbols.swift


MkDir /Users/ravibyakod/Library/Developer/Xcode/DerivedData/Mishran-cpewykydwvjliqfdmdgxjcfypvkn/Build/Intermediates.noindex/ArchiveIntermediates/Mishran/IntermediateBuildFilesPath/Mishran.build/Release-iphoneos/Mishran.build/assetcatalog_output/unthinned (in target 'Mishran' from project 'Mishran')
    cd /Users/ravibyakod/WORK/mithai-shop/mithai-shop/apps/ios
    /bin/mkdir -p /Users/ravibyakod/Library/Developer/Xcode/DerivedData/Mishran-cpewykydwvjliqfdmdgxjcfypvkn/Build/Intermediates.noindex/ArchiveIntermediates/Mishran/IntermediateBuildFilesPath/Mishran.build/Release-iphoneos/Mishran.build/assetcatalog_output/unthinned

MkDir /Users/ravibyakod/Library/Developer/Xcode/DerivedData/Mishran-cpewykydwvjliqfdmdgxjcfypvkn/Build/Intermediates.noindex/ArchiveIntermediates/Mishran/IntermediateBuildFilesPath/Mishran.build/Release-iphoneos/Mishran.build/assetcatalog_output/thinned (in target 'Mishran' from project 'Mishran')
    cd /Users/ravibyakod/WORK/mithai-shop/mithai-shop/apps/ios
    /bin/mkdir -p /Users/ravibyakod/Library/Developer/Xcode/DerivedData/Mishran-cpewykydwvjliqfdmdgxjcfypvkn/Build/Intermediates.noindex/ArchiveIntermediates/Mishran/IntermediateBuildFilesPath/Mishran.build/Release-iphoneos/Mishran.build/assetcatalog_output/thinned

CompileAssetCatalogVariant thinned /Users/ravibyakod/Library/Developer/Xcode/DerivedData/Mishran-cpewykydwvjliqfdmdgxjcfypvkn/Build/Intermediates.noindex/ArchiveIntermediates/Mishran/InstallationBuildProductsLocation/Applications/Mishran.app /Users/ravibyakod/WORK/mithai-shop/mithai-shop/apps/ios/Mishran/Assets.xcassets (in target 'Mishran' from project 'Mishran')
    cd /Users/ravibyakod/WORK/mithai-shop/mithai-shop/apps/ios
    /Applications/Xcode.app/Contents/Developer/usr/bin/actool /Users/ravibyakod/WORK/mithai-shop/mithai-shop/apps/ios/Mishran/Assets.xcassets --compile /Users/ravibyakod/Library/Developer/Xcode/DerivedData/Mishran-cpewykydwvjliqfdmdgxjcfypvkn/Build/Intermediates.noindex/ArchiveIntermediates/Mishran/IntermediateBuildFilesPath/Mishran.build/Release-iphoneos/Mishran.build/assetcatalog_output/thinned --output-format human-readable-text --notices --warnings --export-dependency-info /Users/ravibyakod/Library/Developer/Xcode/DerivedData/Mishran-cpewykydwvjliqfdmdgxjcfypvkn/Build/Intermediates.noindex/ArchiveIntermediates/Mishran/IntermediateBuildFilesPath/Mishran.build/Release-iphoneos/Mishran.build/assetcatalog_dependencies_thinned --output-partial-info-plist /Users/ravibyakod/Library/Developer/Xcode/DerivedData/Mishran-cpewykydwvjliqfdmdgxjcfypvkn/Build/Intermediates.noindex/ArchiveIntermediates/Mishran/IntermediateBuildFilesPath/Mishran.build/Release-iphoneos/Mishran.build/assetcatalog_generated_info.plist_thinned --app-icon AppIcon --compress-pngs --enable-on-demand-resources YES --development-region en --target-device iphone --minimum-deployment-target 17.0 --platform iphoneos
